student_id,school_id
0,24
1,24
2,16
3,24
4,27
5,33
6,33
7,33
8,42
9,27
10,38
11,38
12,24
13,34
14,39
15,20
16,8
17,37
18,16
19,34
20,16
21,27
22,29
23,34
24,45
25,48
26,40
27,33
28,40
29,16
30,31
31,9
32,3
33,36
34,48
35,27
36,36
37,39
38,9
39,38
40,7
41,36
42,4
43,32
44,36
45,23
46,39
47,36
48,24
49,37
50,33
51,20
52,16
53,24
54,48
55,35
56,12
57,36
58,47
59,22
60,24
61,18
62,23
63,47
64,21
65,28
66,10
67,15
68,32
69,25
70,21
71,40
72,49
73,39
74,8
75,3
76,41
77,13
78,10
79,38
80,11
81,4
82,16
83,32
84,15
85,4
86,37
87,25
88,42
89,41
90,14
91,37
92,32
93,42
94,8
95,19
96,26
97,9
98,36
99,48
100,29
101,39
102,26
103,34
104,35
105,32
106,32
107,9
108,17
109,10
110,1
111,41
112,28
113,22
114,35
115,24
116,2
117,16
118,26
119,34
120,35
121,1
122,13
123,13
124,8
125,12
126,9
127,19
128,6
129,11
130,6
131,13
132,3
133,7
134,40
135,14
136,40
137,0
138,19
139,36
140,37
141,4
142,26
143,39
144,40
145,16
146,36
147,34
148,49
149,41
150,8
151,10
152,16
153,34
154,8
155,24
156,24
157,40
158,15
159,20
160,45
161,8
162,2
163,40
164,18
165,47
166,10
167,13
168,43
169,14
170,30
171,37
172,0
173,30
174,2
175,28
176,34
177,32
178,11
179,28
180,7
181,11
182,20
183,21
184,35
185,32
186,18
187,36
188,5
189,44
190,36
191,2
192,5
193,46
194,21
195,34
196,21
197,0
198,41
199,26
200,2
201,16
202,27
203,34
204,42
205,29
206,29
207,40
208,35
209,14
210,12
211,30
212,23
213,12
214,49
215,47
216,24
217,44
218,43
219,16
220,11
221,8
222,45
223,24
224,25
225,21
226,22
227,26
228,18
229,21
230,48
231,14
232,10
233,11
234,5
235,49
236,6
237,28
238,44
239,48
240,8
241,35
242,10
243,38
244,10
245,19
246,23
247,11
248,12
249,40
250,37
251,38
252,35
253,46
254,33
255,48
256,24
257,21
258,12
259,26
260,1
261,40
262,20
263,31
264,6
265,3
266,28
267,27
268,11
269,12
270,29
271,14
272,46
273,34
274,43
275,40
276,42
277,14
278,6
279,3
280,46
281,36
282,28
283,24
284,19
285,12
286,26
287,11
288,42
289,31
290,42
291,28
292,35
293,19
294,41
295,3
296,46
297,37
298,12
299,33
300,18
301,10
302,48
303,24
304,5
305,29
306,42
307,1
308,29
309,29
310,22
311,30
312,43
313,6
314,31
315,24
316,3
317,0
318,20
319,17
320,12
321,42
322,37
323,21
324,10
325,25
326,32
327,41
328,0
329,23
330,18
331,49
332,46
333,2
334,43
335,26
336,31
337,32
338,42
339,32
340,7
341,9
342,9
343,27
344,3
345,16
346,14
347,1
348,24
349,28
350,11
351,24
352,11
353,33
354,12
355,42
356,18
357,40
358,21
359,10
360,35
361,23
362,4
363,40
364,13
365,9
366,39
367,23
368,22
369,48
370,45
371,41
372,4
373,17
374,5
375,32
376,17
377,29
378,24
379,49
380,21
381,43
382,14
383,29
384,2
385,43
386,32
387,5
388,17
389,38
390,8
391,17
392,25
393,15
394,7
395,14
396,39
397,1
398,1
399,25
400,1
401,37
402,47
403,13
404,42
405,34
406,0
407,32
408,0
409,41
410,41
411,5
412,0
413,49
414,2
415,3
416,49
417,25
418,40
419,45
420,49
421,21
422,35
423,20
424,30
425,22
426,14
427,23
428,14
429,7
430,3
431,47
432,35
433,26
434,9
435,20
436,6
437,49
438,11
439,15
440,26
441,41
442,25
443,25
444,20
445,27
446,41
447,32
448,26
449,17
450,2
451,16
452,27
453,9
454,9
455,9
456,35
457,47
458,26
459,2
460,5
461,7
462,32
463,11
464,24
465,48
466,13
467,36
468,8
469,27
470,18
471,36
472,4
473,27
474,47
475,30
476,0
477,15
478,47
479,36
480,37
481,15
482,32
483,34
484,28
485,2
486,5
487,10
488,35
489,41
490,21
491,33
492,46
493,42
494,16
495,28
496,13
497,0
498,25
499,7
500,26
501,47
502,21
503,41
504,19
505,10
506,31
507,18
508,41
509,36
510,39
511,34
512,36
513,22
514,11
515,17
516,20
517,2
518,15
519,9
520,26
521,24
522,11
523,35
524,9
525,30
526,21
527,37
528,45
529,33
530,40
531,29
532,18
533,11
534,44
535,14
536,35
537,7
538,28
539,25
540,7
541,17
542,0
543,5
544,28
545,0
546,26
547,49
548,17
549,44
550,40
551,2
552,30
553,32
554,2
555,9
556,23
557,28
558,18
559,6
560,9
561,16
562,4
563,7
564,9
565,3
566,40
567,47
568,24
569,43
570,21
571,21
572,22
573,36
574,38
575,34
576,33
577,38
578,24
579,1
580,11
581,8
582,38
583,43
584,16
585,6
586,44
587,28
588,49
589,21
590,12
591,6
592,37
593,42
594,10
595,19
596,30
597,29
598,14
599,15
600,49
601,16
602,2
603,8
604,32
605,28
606,33
607,24
608,29
609,30
610,26
611,21
612,6
613,47
614,5
615,23
616,2
617,46
618,49
619,46
620,30
621,44
622,3
623,46
624,30
625,20
626,31
627,22
628,2
629,1
630,23
631,4
632,49
633,40
634,42
635,20
636,43
637,24
638,13
639,41
640,38
641,31
642,46
643,28
644,21
645,13
646,8
647,0
648,0
649,10
650,2
651,20
652,45
653,18
654,12
655,42
656,42
657,48
658,5
659,20
660,29
661,21
662,47
663,43
664,37
665,15
666,42
667,27
668,8
669,46
670,7
671,0
672,15
673,38
674,40
675,44
676,17
677,44
678,8
679,34
680,13
681,37
682,41
683,21
684,49
685,2
686,29
687,5
688,15
689,8
690,38
691,16
692,17
693,47
694,32
695,11
696,40
697,34
698,49
699,25
700,2
701,36
702,18
703,20
704,7
705,24
706,2
707,44
708,30
709,11
710,47
711,5
712,22
713,19
714,46
715,35
716,41
717,46
718,17
719,26
720,37
721,45
722,17
723,32
724,13
725,44
726,17
727,5
728,4
729,33
730,45
731,24
732,13
733,3
734,6
735,13
736,49
737,25
738,40
739,38
740,34
741,3
742,34
743,33
744,11
745,16
746,42
747,3
748,37
749,25
750,40
751,2
752,41
753,29
754,27
755,5
756,6
757,6
758,23
759,24
760,6
761,29
762,14
763,3
764,39
765,7
766,17
767,8
768,8
769,33
770,17
771,6
772,42
773,32
774,23
775,17
776,9
777,35
778,27
779,20
780,47
781,49
782,44
783,21
784,17
785,2
786,10
787,7
788,28
789,20
790,24
791,25
792,24
793,45
794,1
795,36
796,44
797,10
798,19
799,29
800,41
801,38
802,19
803,6
804,16
805,11
806,25
807,41
808,11
809,40
810,32
811,27
812,44
813,39
814,3
815,6
816,37
817,12
818,25
819,42
820,4
821,12
822,49
823,35
824,18
825,29
826,46
827,49
828,9
829,45
830,18
831,45
832,41
833,12
834,36
835,43
836,37
837,44
838,32
839,44
840,45
841,16
842,35
843,26
844,16
845,4
846,20
847,20
848,22
849,31
850,21
851,23
852,1
853,17
854,9
855,19
856,2
857,31
858,21
859,17
860,6
861,42
862,26
863,43
864,46
865,25
866,13
867,49
868,1
869,44
870,33
871,0
872,45
873,26
874,39
875,45
876,47
877,44
878,39
879,37
880,46
881,28
882,33
883,45
884,19
885,42
886,16
887,9
888,20
889,32
890,25
891,47
892,1
893,12
894,32
895,41
896,2
897,29
898,10
899,5
900,36
901,23
902,3
903,19
904,43
905,47
906,41
907,31
908,45
909,1
910,7
911,10
912,10
913,47
914,47
915,46
916,24
917,35
918,36
919,49
920,16
921,23
922,9
923,5
924,2
925,47
926,27
927,45
928,18
929,41
930,44
931,25
932,17
933,4
934,21
935,12
936,38
937,30
938,42
939,49
940,33
941,0
942,5
943,24
944,2
945,14
946,24
947,47
948,28
949,30
950,49
951,49
952,43
953,36
954,10
955,45
956,44
957,44
958,46
959,43
960,28
961,10
962,29
963,14
964,44
965,27
966,4
967,19
968,45
969,48
970,34
971,27
972,44
973,28
974,45
975,25
976,19
977,20
978,15
979,5
980,42
981,30
982,20
983,4
984,20
985,1
986,27
987,35
988,42
989,6
990,35
991,29
992,44
993,45
994,11
995,12
996,42
997,21
998,11
999,39
1000,24
1001,32
1002,15
1003,5
1004,3
1005,30
1006,43
1007,47
1008,48
1009,32
1010,35
1011,22
1012,0
1013,0
1014,46
1015,5
1016,1
1017,23
1018,37
1019,47
1020,30
1021,34
1022,9
1023,27
1024,9
1025,32
1026,43
1027,41
1028,20
1029,4
1030,16
1031,30
1032,37
1033,38
1034,33
1035,19
1036,41
1037,31
1038,46
1039,41
1040,30
1041,2
1042,18
1043,34
1044,7
1045,30
1046,34
1047,17
1048,40
1049,25
1050,39
1051,14
1052,31
1053,21
1054,43
1055,23
1056,38
1057,29
1058,47
1059,7
1060,26
1061,34
1062,17
1063,36
1064,9
1065,1
1066,42
1067,20
1068,1
1069,25
1070,27
1071,5
1072,48
1073,12
1074,19
1075,35
1076,43
1077,41
1078,32
1079,28
1080,19
1081,8
1082,48
1083,37
1084,29
1085,41
1086,27
1087,47
1088,15
1089,36
1090,20
1091,23
1092,19
1093,38
1094,35
1095,44
1096,48
1097,45
1098,29
1099,4
1100,33
1101,11
1102,30
1103,6
1104,28
1105,9
1106,19
1107,3
1108,22
1109,35
1110,6
1111,48
1112,6
1113,1
1114,38
1115,24
1116,34
1117,32
1118,25
1119,29
1120,17
1121,10
1122,2
1123,49
1124,28
1125,42
1126,2
1127,26
1128,27
1129,35
1130,21
1131,16
1132,16
1133,12
1134,36
1135,42
1136,47
1137,17
1138,19
1139,33
1140,31
1141,5
1142,19
1143,46
1144,35
1145,4
1146,48
1147,9
1148,20
1149,32
1150,13
1151,49
1152,43
1153,44
1154,28
1155,27
1156,25
1157,49
1158,43
1159,18
1160,26
1161,8
1162,15
1163,9
1164,14
1165,1
1166,27
1167,2
1168,9
1169,13
1170,32
1171,29
1172,48
1173,38
1174,10
1175,10
1176,49
1177,28
1178,32
1179,42
1180,25
1181,34
1182,5
1183,6
1184,49
1185,29
1186,26
1187,49
1188,33
1189,47
1190,11
1191,42
1192,15
1193,24
1194,37
1195,40
1196,38
1197,14
1198,44
1199,33
1200,20
1201,0
1202,15
1203,25
1204,30
1205,47
1206,6
1207,32
1208,5
1209,33
1210,1
1211,0
1212,28
1213,40
1214,15
1215,24
1216,36
1217,35
1218,29
1219,46
1220,32
1221,46
1222,44
1223,2
1224,27
1225,12
1226,49
1227,21
1228,4
1229,10
1230,20
1231,0
1232,28
1233,35
1234,23
1235,15
1236,18
1237,40
1238,40
1239,20
1240,33
1241,7
1242,18
1243,27
1244,6
1245,3
1246,39
1247,7
1248,17
1249,35
1250,39
1251,33
1252,36
1253,41
1254,25
1255,44
1256,14
1257,11
1258,39
1259,3
1260,23
1261,43
1262,24
1263,22
1264,10
1265,30
1266,14
1267,33
1268,6
1269,6
1270,20
1271,11
1272,2
1273,32
1274,19
1275,49
1276,11
1277,28
1278,36
1279,17
1280,26
1281,1
1282,28
1283,21
1284,35
1285,42
1286,2
1287,44
1288,8
1289,17
1290,38
1291,3
1292,34
1293,48
1294,23
1295,0
1296,15
1297,36
1298,45
1299,37
1300,43
1301,13
1302,26
1303,9
1304,41
1305,5
1306,5
1307,45
1308,3
1309,9
1310,10
1311,33
1312,46
1313,47
1314,40
1315,30
1316,18
1317,43
1318,12
1319,0
1320,45
1321,30
1322,20
1323,8
1324,13
1325,22
1326,20
1327,1
1328,28
1329,9
1330,0
1331,38
1332,3
1333,16
1334,1
1335,10
1336,29
1337,49
1338,3
1339,14
1340,6
1341,6
1342,18
1343,3
1344,27
1345,22
1346,35
1347,0
1348,38
1349,20
1350,32
1351,20
1352,46
1353,5
1354,45
1355,7
1356,44
1357,20
1358,24
1359,43
1360,43
1361,48
1362,44
1363,31
1364,26
1365,49
1366,21
1367,48
1368,49
1369,21
1370,17
1371,43
1372,41
1373,27
1374,24
1375,21
1376,44
1377,40
1378,30
1379,25
1380,8
1381,8
1382,45
1383,13
1384,9
1385,19
1386,31
1387,5
1388,15
1389,4
1390,37
1391,42
1392,6
1393,5
1394,24
1395,15
1396,17
1397,17
1398,6
1399,42
1400,16
1401,15
1402,49
1403,35
1404,14
1405,7
1406,4
1407,44
1408,1
1409,42
1410,11
1411,7
1412,41
1413,24
1414,2
1415,34
1416,5
1417,12
1418,33
1419,26
1420,35
1421,2
1422,3
1423,1
1424,36
1425,6
1426,37
1427,40
1428,48
1429,21
1430,46
1431,29
1432,17
1433,42
1434,49
1435,22
1436,27
1437,15
1438,36
1439,25
1440,4
1441,42
1442,25
1443,7
1444,49
1445,14
1446,7
1447,13
1448,47
1449,26
1450,22
1451,32
1452,17
1453,9
1454,38
1455,10
1456,14
1457,46
1458,15
1459,23
1460,33
1461,7
1462,5
1463,49
1464,48
1465,32
1466,2
1467,37
1468,47
1469,37
1470,17
1471,38
1472,38
1473,33
1474,27
1475,2
1476,47
1477,29
1478,46
1479,16
1480,36
1481,17
1482,12
1483,25
1484,10
1485,32
1486,45
1487,20
1488,5
1489,39
1490,28
1491,46
1492,23
1493,31
1494,38
1495,21
1496,28
1497,16
1498,12
1499,3
1500,24
1501,18
1502,9
1503,21
1504,2
1505,24
1506,22
1507,30
1508,28
1509,5
1510,34
1511,20
1512,32
1513,37
1514,12
1515,37
1516,34
1517,8
1518,47
1519,19
1520,5
1521,24
1522,13
1523,15
1524,29
1525,28
1526,32
1527,31
1528,12
1529,41
1530,15
1531,17
1532,41
1533,35
1534,1
1535,12
1536,34
1537,36
1538,44
1539,16
1540,21
1541,0
1542,42
1543,3
1544,8
1545,12
1546,15
1547,8
1548,11
1549,45
1550,49
1551,42
1552,12
1553,3
1554,43
1555,45
1556,42
1557,47
1558,41
1559,13
1560,12
1561,11
1562,35
1563,12
1564,0
1565,49
1566,46
1567,25
1568,46
1569,46
1570,15
1571,21
1572,5
1573,29
1574,14
1575,1
1576,17
1577,49
1578,49
1579,0
1580,27
1581,3
1582,22
1583,25
1584,42
1585,34
1586,25
1587,7
1588,4
1589,24
1590,20
1591,43
1592,37
1593,43
1594,31
1595,46
1596,35
1597,23
1598,26
1599,29
1600,26
1601,6
1602,49
1603,40
1604,37
1605,12
1606,46
1607,41
1608,22
1609,6
1610,6
1611,30
1612,20
1613,45
1614,43
1615,26
1616,14
1617,14
1618,44
1619,13
1620,24
1621,3
1622,41
1623,20
1624,45
1625,24
1626,3
1627,34
1628,24
1629,42
1630,47
1631,47
1632,5
1633,48
1634,4
1635,39
1636,31
1637,43
1638,43
1639,9
1640,7
1641,14
1642,2
1643,13
1644,47
1645,43
1646,4
1647,18
1648,8
1649,20
1650,5
1651,26
1652,2
1653,43
1654,45
1655,9
1656,40
1657,45
1658,32
1659,25
1660,39
1661,31
1662,35
1663,38
1664,29
1665,20
1666,18
1667,45
1668,12
1669,41
1670,43
1671,45
1672,6
1673,23
1674,23
1675,16
1676,44
1677,16
1678,18
1679,47
1680,30
1681,2
1682,35
1683,41
1684,21
1685,18
1686,45
1687,10
1688,8
1689,32
1690,10
1691,19
1692,10
1693,13
1694,44
1695,41
1696,17
1697,9
1698,49
1699,35
1700,8
1701,44
1702,7
1703,1
1704,5
1705,44
1706,33
1707,9
1708,21
1709,26
1710,15
1711,16
1712,35
1713,7
1714,26
1715,10
1716,45
1717,1
1718,8
1719,47
1720,40
1721,3
1722,24
1723,40
1724,16
1725,12
1726,18
1727,38
1728,31
1729,36
1730,17
1731,32
1732,31
1733,45
1734,28
1735,33
1736,37
1737,23
1738,28
1739,28
1740,16
1741,31
1742,43
1743,6
1744,39
1745,3
1746,19
1747,26
1748,3
1749,32
1750,10
1751,7
1752,45
1753,49
1754,2
1755,12
1756,26
1757,1
1758,28
1759,23
1760,10
1761,14
1762,38
1763,43
1764,36
1765,12
1766,5
1767,38
1768,40
1769,29
1770,7
1771,6
1772,11
1773,33
1774,30
1775,46
1776,9
1777,7
1778,45
1779,25
1780,4
1781,30
1782,27
1783,34
1784,22
1785,16
1786,9
1787,0
1788,9
1789,5
1790,43
1791,22
1792,14
1793,15
1794,40
1795,1
1796,34
1797,24
1798,40
1799,6
1800,41
1801,8
1802,47
1803,49
1804,49
1805,14
1806,28
1807,25
1808,12
1809,42
1810,49
1811,41
1812,11
1813,24
1814,33
1815,39
1816,31
1817,28
1818,49
1819,14
1820,22
1821,42
1822,44
1823,29
1824,3
1825,23
1826,16
1827,36
1828,48
1829,24
1830,41
1831,25
1832,28
1833,19
1834,24
1835,27
1836,11
1837,30
1838,18
1839,47
1840,5
1841,6
1842,22
1843,48
1844,8
1845,22
1846,19
1847,29
1848,48
1849,19
1850,1
1851,7
1852,35
1853,13
1854,1
1855,24
1856,44
1857,34
1858,26
1859,36
1860,6
1861,39
1862,24
1863,0
1864,11
1865,32
1866,41
1867,25
1868,18
1869,35
1870,18
1871,19
1872,35
1873,32
1874,35
1875,19
1876,8
1877,26
1878,34
1879,10
1880,3
1881,32
1882,35
1883,30
1884,15
1885,3
1886,15
1887,21
1888,43
1889,0
1890,45
1891,9
1892,49
1893,46
1894,46
1895,9
1896,13
1897,24
1898,16
1899,9
1900,27
1901,44
1902,43
1903,4
1904,36
1905,39
1906,18
1907,17
1908,3
1909,20
1910,17
1911,34
1912,31
1913,25
1914,10
1915,26
1916,47
1917,11
1918,49
1919,23
1920,5
1921,27
1922,38
1923,15
1924,7
1925,45
1926,42
1927,8
1928,44
1929,22
1930,16
1931,23
1932,3
1933,3
1934,5
1935,8
1936,34
1937,49
1938,14
1939,9
1940,40
1941,15
1942,34
1943,26
1944,37
1945,0
1946,22
1947,31
1948,34
1949,27
1950,40
1951,25
1952,48
1953,5
1954,34
1955,5
1956,10
1957,18
1958,30
1959,11
1960,46
1961,5
1962,26
1963,48
1964,14
1965,36
1966,16
1967,18
1968,25
1969,3
1970,47
1971,10
1972,21
1973,34
1974,2
1975,6
1976,10
1977,23
1978,39
1979,31
1980,24
1981,47
1982,36
1983,43
1984,39
1985,34
1986,8
1987,32
1988,40
1989,32
1990,19
1991,38
1992,41
1993,0
1994,42
1995,40
1996,11
1997,15
1998,37
1999,18
2000,25
2001,30
2002,14
2003,23
2004,29
2005,2
2006,38
2007,44
2008,20
2009,28
2010,47
2011,16
2012,42
2013,22
2014,22
2015,23
2016,14
2017,26
2018,16
2019,11
2020,13
2021,44
2022,49
2023,22
2024,21
2025,2
2026,16
2027,17
2028,48
2029,45
2030,14
2031,9
2032,33
2033,47
2034,28
2035,19
2036,36
2037,16
2038,48
2039,45
2040,33
2041,2
2042,18
2043,36
2044,24
2045,20
2046,47
2047,25
2048,19
2049,4
2050,7
2051,17
2052,31
2053,49
2054,35
2055,9
2056,3
2057,40
2058,17
2059,23
2060,47
2061,5
2062,41
2063,2
2064,36
2065,11
2066,30
2067,43
2068,29
2069,4
2070,6
2071,39
2072,48
2073,33
2074,24
2075,22
2076,28
2077,21
2078,37
2079,39
2080,11
2081,35
2082,40
2083,34
2084,40
2085,10
2086,40
2087,12
2088,20
2089,49
2090,47
2091,29
2092,0
2093,43
2094,46
2095,48
2096,38
2097,14
2098,48
2099,22
2100,11
2101,21
2102,35
2103,5
2104,45
2105,46
2106,12
2107,42
2108,33
2109,5
2110,10
2111,22
2112,14
2113,48
2114,28
2115,1
2116,47
2117,38
2118,18
2119,38
2120,27
2121,29
2122,12
2123,41
2124,46
2125,9
2126,36
2127,46
2128,2
2129,40
2130,18
2131,9
2132,37
2133,12
2134,9
2135,31
2136,38
2137,48
2138,14
2139,41
2140,22
2141,16
2142,23
2143,42
2144,12
2145,47
2146,42
2147,39
2148,30
2149,31
2150,21
2151,13
2152,25
2153,17
2154,14
2155,0
2156,2
2157,42
2158,38
2159,48
2160,30
2161,27
2162,9
2163,19
2164,42
2165,17
2166,30
2167,10
2168,33
2169,43
2170,12
2171,0
2172,40
2173,18
2174,10
2175,17
2176,14
2177,1
2178,11
2179,26
2180,32
2181,29
2182,8
2183,15
2184,30
2185,48
2186,16
2187,48
2188,27
2189,18
2190,20
2191,36
2192,37
2193,26
2194,30
2195,43
2196,21
2197,45
2198,22
2199,1
2200,29
2201,37
2202,47
2203,29
2204,12
2205,37
2206,43
2207,18
2208,41
2209,9
2210,0
2211,41
2212,18
2213,0
2214,8
2215,39
2216,42
2217,41
2218,10
2219,3
2220,47
2221,49
2222,40
2223,12
2224,37
2225,34
2226,21
2227,5
2228,18
2229,20
2230,46
2231,6
2232,45
2233,49
2234,4
2235,49
2236,49
2237,1
2238,15
2239,45
2240,4
2241,38
2242,38
2243,29
2244,2
2245,41
2246,13
2247,29
2248,9
2249,46
2250,21
2251,40
2252,1
2253,31
2254,3
2255,44
2256,2
2257,45
2258,41
2259,10
2260,49
2261,48
2262,40
2263,5
2264,22
2265,8
2266,9
2267,48
2268,41
2269,43
2270,32
2271,48
2272,23
2273,22
2274,46
2275,36
2276,11
2277,38
2278,13
2279,46
2280,40
2281,27
2282,26
2283,46
2284,22
2285,15
2286,49
2287,25
2288,47
2289,2
2290,45
2291,29
2292,33
2293,38
2294,48
2295,8
2296,22
2297,0
2298,10
2299,48
2300,24
2301,8
2302,16
2303,35
2304,10
2305,16
2306,0
2307,11
2308,38
2309,31
2310,11
2311,24
2312,49
2313,37
2314,7
2315,24
2316,35
2317,23
2318,46
2319,20
2320,28
2321,13
2322,45
2323,26
2324,49
2325,20
2326,28
2327,41
2328,44
2329,2
2330,31
2331,30
2332,3
2333,18
2334,19
2335,28
2336,9
2337,26
2338,4
2339,26
2340,19
2341,19
2342,31
2343,28
2344,14
2345,1
2346,5
2347,44
2348,4
2349,42
2350,1
2351,42
2352,12
2353,1
2354,11
2355,9
2356,4
2357,45
2358,29
2359,2
2360,46
2361,38
2362,39
2363,16
2364,44
2365,30
2366,37
2367,8
2368,45
2369,15
2370,29
2371,20
2372,30
2373,41
2374,29
2375,7
2376,31
2377,10
2378,21
2379,34
2380,1
2381,1
2382,16
2383,28
2384,39
2385,47
2386,3
2387,22
2388,42
2389,2
2390,46
2391,14
2392,37
2393,36
2394,4
2395,11
2396,10
2397,32
2398,43
2399,32
2400,7
2401,43
2402,31
2403,32
2404,3
2405,12
2406,19
2407,42
2408,2
2409,16
2410,18
2411,7
2412,14
2413,1
2414,7
2415,21
2416,29
2417,27
2418,24
2419,19
2420,19
2421,36
2422,4
2423,45
2424,30
2425,1
2426,4
2427,45
2428,38
2429,20
2430,11
2431,20
2432,44
2433,36
2434,22
2435,36
2436,45
2437,28
2438,21
2439,38
2440,40
2441,29
2442,38
2443,49
2444,6
2445,45
2446,41
2447,25
2448,47
2449,25
2450,1
2451,32
2452,18
2453,15
2454,34
2455,8
2456,2
2457,45
2458,18
2459,26
2460,33
2461,30
2462,15
2463,29
2464,48
2465,20
2466,4
2467,40
2468,12
2469,41
2470,42
2471,16
2472,9
2473,15
2474,21
2475,16
2476,21
2477,39
2478,31
2479,8
2480,10
2481,35
2482,16
2483,22
2484,28
2485,23
2486,42
2487,32
2488,7
2489,48
2490,14
2491,21
2492,1
2493,49
2494,18
2495,28
2496,37
2497,44
2498,23
2499,1
2500,0
2501,19
2502,27
2503,0
2504,37
2505,40
2506,36
2507,7
2508,45
2509,31
2510,12
2511,10
2512,8
2513,26
2514,5
2515,14
2516,16
2517,0
2518,2
2519,25
2520,43
2521,1
2522,4
2523,23
2524,16
2525,6
2526,39
2527,32
2528,8
2529,30
2530,18
2531,6
2532,3
2533,4
2534,24
2535,36
2536,13
2537,13
2538,32
2539,19
2540,48
2541,17
2542,31
2543,25
2544,21
2545,39
2546,27
2547,47
2548,19
2549,30
2550,25
2551,15
2552,15
2553,6
2554,41
2555,40
2556,32
2557,10
2558,47
2559,38
2560,16
2561,15
2562,39
2563,1
2564,10
2565,27
2566,20
2567,11
2568,12
2569,27
2570,45
2571,2
2572,46
2573,40
2574,46
2575,29
2576,27
2577,20
2578,23
2579,15
2580,10
2581,48
2582,10
2583,41
2584,27
2585,29
2586,11
2587,33
2588,1
2589,45
2590,31
2591,15
2592,32
2593,31
2594,0
2595,7
2596,15
2597,29
2598,35
2599,17
2600,21
2601,10
2602,30
2603,18
2604,39
2605,45
2606,24
2607,1
2608,44
2609,30
2610,15
2611,5
2612,9
2613,36
2614,31
2615,20
2616,35
2617,15
2618,10
2619,29
2620,43
2621,44
2622,5
2623,13
2624,30
2625,5
2626,35
2627,45
2628,1
2629,31
2630,7
2631,9
2632,4
2633,36
2634,6
2635,36
2636,35
2637,16
2638,18
2639,24
2640,16
2641,29
2642,22
2643,28
2644,16
2645,43
2646,11
2647,18
2648,24
2649,26
2650,13
2651,26
2652,37
2653,33
2654,30
2655,33
2656,16
2657,11
2658,28
2659,38
2660,39
2661,0
2662,34
2663,31
2664,38
2665,28
2666,0
2667,5
2668,26
2669,43
2670,37
2671,6
2672,16
2673,32
2674,16
2675,49
2676,21
2677,16
2678,40
2679,34
2680,42
2681,6
2682,28
2683,17
2684,26
2685,3
2686,9
2687,18
2688,43
2689,8
2690,41
2691,19
2692,13
2693,3
2694,14
2695,35
2696,11
2697,45
2698,37
2699,38
2700,42
2701,6
2702,13
2703,30
2704,33
2705,39
2706,9
2707,30
2708,2
2709,24
2710,9
2711,12
2712,37
2713,10
2714,0
2715,42
2716,38
2717,32
2718,16
2719,24
2720,35
2721,29
2722,38
2723,44
2724,10
2725,9
2726,39
2727,34
2728,4
2729,26
2730,36
2731,32
2732,36
2733,35
2734,18
2735,20
2736,34
2737,7
2738,10
2739,9
2740,31
2741,32
2742,21
2743,30
2744,1
2745,10
2746,17
2747,34
2748,17
2749,44
2750,11
2751,19
2752,39
2753,43
2754,9
2755,3
2756,25
2757,16
2758,44
2759,26
2760,47
2761,19
2762,41
2763,13
2764,49
2765,44
2766,28
2767,46
2768,19
2769,14
2770,1
2771,17
2772,10
2773,13
2774,28
2775,48
2776,4
2777,29
2778,27
2779,32
2780,42
2781,5
2782,40
2783,17
2784,28
2785,43
2786,44
2787,2
2788,42
2789,49
2790,49
2791,32
2792,31
2793,19
2794,17
2795,17
2796,15
2797,48
2798,3
2799,9
2800,43
2801,16
2802,47
2803,6
2804,13
2805,20
2806,0
2807,43
2808,45
2809,48
2810,3
2811,37
2812,37
2813,37
2814,6
2815,39
2816,15
2817,37
2818,32
2819,3
2820,8
2821,31
2822,1
2823,12
2824,5
2825,12
2826,21
2827,14
2828,20
2829,20
2830,10
2831,22
2832,6
2833,48
2834,1
2835,6
2836,42
2837,18
2838,45
2839,48
2840,26
2841,10
2842,41
2843,11
2844,35
2845,35
2846,7
2847,34
2848,29
2849,24
2850,6
2851,8
2852,47
2853,37
2854,20
2855,0
2856,29
2857,35
2858,18
2859,37
2860,37
2861,31
2862,38
2863,37
2864,46
2865,16
2866,39
2867,35
2868,13
2869,7
2870,28
2871,32
2872,32
2873,46
2874,40
2875,45
2876,1
2877,48
2878,8
2879,47
2880,28
2881,19
2882,21
2883,1
2884,29
2885,9
2886,23
2887,25
2888,31
2889,40
2890,45
2891,38
2892,12
2893,20
2894,43
2895,39
2896,22
2897,33
2898,16
2899,46
2900,37
2901,0
2902,15
2903,14
2904,32
2905,1
2906,36
2907,29
2908,6
2909,29
2910,0
2911,21
2912,2
2913,7
2914,31
2915,45
2916,8
2917,5
2918,31
2919,7
2920,30
2921,36
2922,17
2923,45
2924,44
2925,41
2926,1
2927,24
2928,7
2929,38
2930,45
2931,17
2932,10
2933,31
2934,19
2935,22
2936,41
2937,45
2938,6
2939,46
2940,15
2941,26
2942,19
2943,39
2944,4
2945,6
2946,7
2947,4
2948,16
2949,6
2950,43
2951,27
2952,18
2953,16
2954,27
2955,7
2956,1
2957,39
2958,45
2959,20
2960,0
2961,8
2962,9
2963,2
2964,42
2965,0
2966,21
2967,45
2968,33
2969,36
2970,48
2971,4
2972,25
2973,35
2974,20
2975,28
2976,48
2977,42
2978,24
2979,25
2980,21
2981,23
2982,10
2983,16
2984,48
2985,16
2986,26
2987,12
2988,31
2989,42
2990,39
2991,47
2992,23
2993,38
2994,19
2995,34
2996,33
2997,4
2998,30
2999,27
3000,7
3001,15
3002,15
3003,1
3004,48
3005,1
3006,15
3007,31
3008,40
3009,13
3010,1
3011,2
3012,16
3013,20
3014,41
3015,9
3016,24
3017,43
3018,27
3019,5
3020,34
3021,32
3022,24
3023,18
3024,3
3025,14
3026,31
3027,20
3028,5
3029,0
3030,32
3031,38
3032,26
3033,25
3034,25
3035,46
3036,22
3037,37
3038,5
3039,25
3040,1
3041,1
3042,2
3043,41
3044,35
3045,39
3046,22
3047,45
3048,40
3049,3
3050,36
3051,4
3052,35
3053,5
3054,35
3055,10
3056,44
3057,26
3058,27
3059,9
3060,14
3061,42
3062,0
3063,17
3064,3
3065,24
3066,25
3067,31
3068,7
3069,44
3070,32
3071,0
3072,34
3073,15
3074,16
3075,20
3076,26
3077,23
3078,15
3079,43
3080,14
3081,46
3082,13
3083,42
3084,41
3085,32
3086,46
3087,35
3088,26
3089,28
3090,14
3091,15
3092,15
3093,31
3094,8
3095,18
3096,18
3097,15
3098,19
3099,1
3100,13
3101,13
3102,7
3103,3
3104,15
3105,0
3106,15
3107,32
3108,48
3109,0
3110,2
3111,5
3112,25
3113,5
3114,20
3115,13
3116,26
3117,28
3118,27
3119,6
3120,45
3121,15
3122,28
3123,29
3124,0
3125,44
3126,33
3127,23
3128,19
3129,36
3130,40
3131,46
3132,27
3133,23
3134,22
3135,33
3136,6
3137,11
3138,7
3139,28
3140,40
3141,13
3142,6
3143,25
3144,38
3145,23
3146,48
3147,19
3148,21
3149,31
3150,49
3151,38
3152,33
3153,42
3154,23
3155,40
3156,31
3157,22
3158,7
3159,44
3160,2
3161,19
3162,27
3163,49
3164,48
3165,12
3166,44
3167,40
3168,26
3169,10
3170,44
3171,45
3172,6
3173,27
3174,20
3175,11
3176,10
3177,40
3178,8
3179,32
3180,7
3181,26
3182,34
3183,32
3184,3
3185,13
3186,11
3187,20
3188,3
3189,46
3190,5
3191,24
3192,14
3193,37
3194,5
3195,41
3196,32
3197,35
3198,36
3199,0
3200,16
3201,45
3202,38
3203,37
3204,8
3205,21
3206,10
3207,31
3208,5
3209,43
3210,21
3211,9
3212,45
3213,33
3214,47
3215,22
3216,12
3217,24
3218,4
3219,30
3220,17
3221,26
3222,37
3223,27
3224,37
3225,3
3226,38
3227,11
3228,41
3229,30
3230,9
3231,32
3232,40
3233,26
3234,35
3235,10
3236,45
3237,34
3238,32
3239,12
3240,6
3241,17
3242,25
3243,41
3244,2
3245,16
3246,29
3247,28
3248,35
3249,49
3250,8
3251,48
3252,35
3253,0
3254,28
3255,22
3256,47
3257,38
3258,3
3259,16
3260,18
3261,2
3262,18
3263,7
3264,27
3265,19
3266,12
3267,32
3268,11
3269,16
3270,16
3271,30
3272,47
3273,28
3274,1
3275,27
3276,10
3277,15
3278,24
3279,16
3280,21
3281,1
3282,23
3283,17
3284,2
3285,22
3286,5
3287,9
3288,22
3289,29
3290,23
3291,11
3292,28
3293,17
3294,35
3295,49
3296,14
3297,28
3298,38
3299,14
3300,12
3301,18
3302,46
3303,29
3304,27
3305,36
3306,28
3307,7
3308,13
3309,34
3310,21
3311,12
3312,39
3313,39
3314,7
3315,3
3316,44
3317,46
3318,12
3319,44
3320,40
3321,39
3322,45
3323,46
3324,30
3325,34
3326,45
3327,14
3328,18
3329,28
3330,9
3331,13
3332,48
3333,45
3334,9
3335,47
3336,30
3337,38
3338,14
3339,8
3340,20
3341,37
3342,7
3343,28
3344,29
3345,24
3346,17
3347,18
3348,14
3349,36
3350,46
3351,10
3352,37
3353,2
3354,7
3355,16
3356,11
3357,7
3358,21
3359,37
3360,49
3361,10
3362,45
3363,16
3364,23
3365,18
3366,3
3367,31
3368,46
3369,39
3370,6
3371,16
3372,0
3373,42
3374,46
3375,0
3376,5
3377,11
3378,35
3379,27
3380,25
3381,40
3382,32
3383,2
3384,39
3385,29
3386,9
3387,15
3388,42
3389,11
3390,18
3391,17
3392,7
3393,28
3394,16
3395,25
3396,7
3397,46
3398,27
3399,9
3400,32
3401,9
3402,16
3403,17
3404,11
3405,24
3406,5
3407,34
3408,35
3409,43
3410,47
3411,46
3412,32
3413,43
3414,36
3415,19
3416,45
3417,28
3418,40
3419,42
3420,34
3421,24
3422,26
3423,26
3424,23
3425,35
3426,20
3427,0
3428,36
3429,25
3430,39
3431,48
3432,23
3433,20
3434,41
3435,34
3436,35
3437,46
3438,42
3439,19
3440,17
3441,27
3442,13
3443,43
3444,47
3445,9
3446,31
3447,7
3448,46
3449,8
3450,9
3451,15
3452,20
3453,37
3454,44
3455,8
3456,14
3457,33
3458,12
3459,35
3460,12
3461,14
3462,4
3463,44
3464,9
3465,23
3466,2
3467,24
3468,16
3469,11
3470,9
3471,36
3472,43
3473,6
3474,29
3475,11
3476,30
3477,18
3478,4
3479,11
3480,27
3481,23
3482,5
3483,44
3484,24
3485,6
3486,19
3487,7
3488,47
3489,49
3490,34
3491,30
3492,7
3493,26
3494,27
3495,2
3496,39
3497,16
3498,18
3499,42
3500,19
3501,40
3502,34
3503,45
3504,32
3505,13
3506,39
3507,9
3508,48
3509,7
3510,48
3511,18
3512,19
3513,44
3514,42
3515,15
3516,2
3517,45
3518,34
3519,3
3520,24
3521,23
3522,5
3523,28
3524,34
3525,5
3526,21
3527,13
3528,40
3529,42
3530,38
3531,36
3532,6
3533,4
3534,26
3535,32
3536,0
3537,41
3538,40
3539,12
3540,26
3541,32
3542,21
3543,7
3544,47
3545,17
3546,31
3547,10
3548,1
3549,32
3550,33
3551,15
3552,9
3553,23
3554,29
3555,0
3556,4
3557,9
3558,5
3559,35
3560,48
3561,12
3562,11
3563,5
3564,41
3565,42
3566,12
3567,14
3568,2
3569,11
3570,30
3571,1
3572,0
3573,19
3574,3
3575,39
3576,9
3577,22
3578,27
3579,4
3580,36
3581,39
3582,1
3583,28
3584,5
3585,16
3586,6
3587,38
3588,18
3589,47
3590,3
3591,30
3592,39
3593,14
3594,48
3595,30
3596,48
3597,28
3598,20
3599,47
3600,49
3601,30
3602,2
3603,35
3604,29
3605,34
3606,31
3607,5
3608,31
3609,22
3610,11
3611,47
3612,27
3613,35
3614,12
3615,22
3616,28
3617,9
3618,3
3619,22
3620,46
3621,9
3622,33
3623,4
3624,37
3625,7
3626,1
3627,43
3628,22
3629,40
3630,44
3631,5
3632,39
3633,6
3634,43
3635,47
3636,13
3637,12
3638,10
3639,36
3640,33
3641,13
3642,18
3643,6
3644,35
3645,40
3646,17
3647,47
3648,13
3649,16
3650,32
3651,13
3652,14
3653,2
3654,45
3655,3
3656,4
3657,24
3658,6
3659,49
3660,16
3661,46
3662,6
3663,36
3664,22
3665,6
3666,29
3667,18
3668,36
3669,41
3670,19
3671,22
3672,17
3673,0
3674,49
3675,12
3676,29
3677,32
3678,35
3679,38
3680,48
3681,24
3682,46
3683,7
3684,17
3685,34
3686,8
3687,35
3688,10
3689,5
3690,32
3691,12
3692,10
3693,39
3694,21
3695,6
3696,32
3697,5
3698,13
3699,24
3700,25
3701,49
3702,39
3703,18
3704,0
3705,29
3706,37
3707,13
3708,5
3709,26
3710,49
3711,23
3712,49
3713,37
3714,49
3715,26
3716,27
3717,45
3718,9
3719,43
3720,12
3721,8
3722,38
3723,16
3724,34
3725,19
3726,31
3727,35
3728,1
3729,10
3730,48
3731,38
3732,32
3733,28
3734,33
3735,18
3736,37
3737,19
3738,26
3739,31
3740,11
3741,21
3742,5
3743,5
3744,18
3745,11
3746,26
3747,5
3748,0
3749,33
3750,20
3751,39
3752,8
3753,21
3754,16
3755,4
3756,5
3757,20
3758,24
3759,6
3760,17
3761,19
3762,48
3763,41
3764,41
3765,13
3766,31
3767,32
3768,32
3769,48
3770,31
3771,34
3772,20
3773,23
3774,12
3775,46
3776,16
3777,26
3778,26
3779,6
3780,25
3781,41
3782,36
3783,20
3784,8
3785,19
3786,49
3787,49
3788,41
3789,7
3790,38
3791,2
3792,7
3793,6
3794,2
3795,29
3796,44
3797,30
3798,33
3799,33
3800,35
3801,29
3802,0
3803,38
3804,33
3805,45
3806,14
3807,44
3808,29
3809,33
3810,43
3811,9
3812,38
3813,3
3814,17
3815,4
3816,23
3817,29
3818,27
3819,28
3820,11
3821,3
3822,8
3823,39
3824,45
3825,9
3826,2
3827,35
3828,19
3829,47
3830,20
3831,27
3832,17
3833,47
3834,15
3835,42
3836,25
3837,49
3838,44
3839,46
3840,44
3841,11
3842,20
3843,10
3844,30
3845,46
3846,29
3847,6
3848,46
3849,0
3850,29
3851,24
3852,41
3853,23
3854,14
3855,0
3856,9
3857,15
3858,27
3859,9
3860,46
3861,13
3862,49
3863,49
3864,43
3865,21
3866,31
3867,8
3868,4
3869,26
3870,24
3871,35
3872,17
3873,5
3874,9
3875,43
3876,8
3877,3
3878,19
3879,31
3880,15
3881,43
3882,40
3883,30
3884,33
3885,1
3886,26
3887,48
3888,46
3889,41
3890,23
3891,47
3892,46
3893,38
3894,43
3895,35
3896,20
3897,2
3898,10
3899,4
3900,21
3901,12
3902,21
3903,9
3904,4
3905,36
3906,4
3907,29
3908,31
3909,21
3910,38
3911,7
3912,15
3913,27
3914,37
3915,5
3916,24
3917,7
3918,45
3919,43
3920,22
3921,14
3922,29
3923,18
3924,35
3925,34
3926,15
3927,0
3928,41
3929,34
3930,48
3931,45
3932,14
3933,26
3934,48
3935,40
3936,44
3937,37
3938,28
3939,47
3940,19
3941,10
3942,9
3943,5
3944,4
3945,45
3946,8
3947,42
3948,18
3949,44
3950,46
3951,38
3952,23
3953,13
3954,27
3955,49
3956,7
3957,23
3958,11
3959,9
3960,29
3961,15
3962,38
3963,23
3964,5
3965,22
3966,25
3967,0
3968,46
3969,35
3970,12
3971,40
3972,8
3973,22
3974,27
3975,8
3976,37
3977,42
3978,5
3979,28
3980,9
3981,9
3982,46
3983,29
3984,39
3985,30
3986,3
3987,47
3988,12
3989,15
3990,31
3991,49
3992,35
3993,11
3994,10
3995,38
3996,7
3997,48
3998,44
3999,32
4000,9
4001,44
4002,5
4003,15
4004,32
4005,18
4006,15
4007,38
4008,6
4009,8
4010,3
4011,27
4012,14
4013,25
4014,17
4015,20
4016,35
4017,25
4018,4
4019,9
4020,8
4021,44
4022,47
4023,1
4024,44
4025,32
4026,6
4027,16
4028,17
4029,44
4030,33
4031,40
4032,21
4033,12
4034,21
4035,28
4036,16
4037,7
4038,37
4039,37
4040,27
4041,31
4042,32
4043,17
4044,7
4045,34
4046,13
4047,2
4048,43
4049,12
4050,40
4051,4
4052,18
4053,18
4054,30
4055,22
4056,16
4057,34
4058,35
4059,3
4060,46
4061,7
4062,10
4063,43
4064,44
4065,43
4066,14
4067,20
4068,39
4069,13
4070,3
4071,0
4072,7
4073,45
4074,6
4075,1
4076,31
4077,12
4078,48
4079,47
4080,46
4081,41
4082,28
4083,26
4084,21
4085,36
4086,13
4087,38
4088,26
4089,42
4090,0
4091,23
4092,32
4093,8
4094,37
4095,38
4096,40
4097,10
4098,10
4099,24
4100,18
4101,15
4102,12
4103,15
4104,28
4105,22
4106,37
4107,5
4108,47
4109,37
4110,19
4111,2
4112,32
4113,35
4114,1
4115,21
4116,11
4117,1
4118,43
4119,45
4120,6
4121,33
4122,21
4123,38
4124,28
4125,4
4126,13
4127,36
4128,40
4129,11
4130,42
4131,43
4132,3
4133,34
4134,7
4135,17
4136,20
4137,11
4138,36
4139,30
4140,32
4141,42
4142,32
4143,45
4144,36
4145,35
4146,20
4147,47
4148,0
4149,20
4150,2
4151,39
4152,4
4153,38
4154,37
4155,2
4156,37
4157,20
4158,29
4159,9
4160,37
4161,1
4162,48
4163,35
4164,24
4165,42
4166,19
4167,21
4168,39
4169,11
4170,49
4171,14
4172,28
4173,28
4174,21
4175,7
4176,7
4177,15
4178,15
4179,29
4180,40
4181,15
4182,22
4183,32
4184,40
4185,19
4186,49
4187,34
4188,42
4189,8
4190,21
4191,12
4192,18
4193,16
4194,36
4195,37
4196,1
4197,31
4198,24
4199,13
4200,12
4201,14
4202,4
4203,25
4204,31
4205,7
4206,6
4207,41
4208,30
4209,3
4210,28
4211,24
4212,6
4213,4
4214,17
4215,26
4216,44
4217,32
4218,13
4219,13
4220,7
4221,21
4222,18
4223,41
4224,42
4225,38
4226,11
4227,19
4228,10
4229,48
4230,39
4231,25
4232,29
4233,4
4234,4
4235,29
4236,32
4237,49
4238,9
4239,49
4240,37
4241,16
4242,20
4243,36
4244,22
4245,17
4246,33
4247,3
4248,5
4249,28
4250,18
4251,34
4252,38
4253,15
4254,37
4255,40
4256,3
4257,38
4258,36
4259,42
4260,9
4261,41
4262,22
4263,41
4264,33
4265,42
4266,5
4267,18
4268,30
4269,12
4270,31
4271,13
4272,13
4273,27
4274,45
4275,32
4276,32
4277,26
4278,11
4279,26
4280,1
4281,14
4282,8
4283,24
4284,16
4285,29
4286,18
4287,4
4288,0
4289,7
4290,31
4291,49
4292,8
4293,37
4294,40
4295,48
4296,2
4297,5
4298,36
4299,20
4300,25
4301,30
4302,5
4303,39
4304,6
4305,28
4306,42
4307,44
4308,10
4309,33
4310,9
4311,29
4312,27
4313,7
4314,37
4315,48
4316,23
4317,21
4318,43
4319,26
4320,14
4321,6
4322,19
4323,8
4324,2
4325,40
4326,32
4327,23
4328,18
4329,12
4330,46
4331,12
4332,29
4333,44
4334,23
4335,1
4336,38
4337,46
4338,15
4339,3
4340,30
4341,23
4342,42
4343,31
4344,0
4345,24
4346,47
4347,33
4348,33
4349,21
4350,5
4351,25
4352,31
4353,28
4354,43
4355,6
4356,13
4357,2
4358,7
4359,2
4360,38
4361,6
4362,25
4363,12
4364,13
4365,5
4366,5
4367,8
4368,17
4369,22
4370,20
4371,27
4372,7
4373,40
4374,39
4375,1
4376,36
4377,20
4378,28
4379,12
4380,37
4381,47
4382,47
4383,21
4384,37
4385,24
4386,27
4387,38
4388,41
4389,40
4390,29
4391,6
4392,8
4393,3
4394,37
4395,26
4396,5
4397,13
4398,10
4399,16
4400,19
4401,39
4402,43
4403,47
4404,19
4405,45
4406,3
4407,2
4408,46
4409,13
4410,19
4411,22
4412,31
4413,21
4414,31
4415,28
4416,8
4417,14
4418,33
4419,16
4420,1
4421,8
4422,8
4423,33
4424,21
4425,5
4426,26
4427,21
4428,2
4429,18
4430,46
4431,28
4432,19
4433,2
4434,4
4435,11
4436,1
4437,0
4438,45
4439,29
4440,40
4441,42
4442,27
4443,14
4444,28
4445,33
4446,29
4447,46
4448,11
4449,25
4450,26
4451,16
4452,31
4453,40
4454,38
4455,30
4456,32
4457,22
4458,10
4459,27
4460,6
4461,18
4462,9
4463,0
4464,43
4465,30
4466,32
4467,43
4468,22
4469,18
4470,48
4471,21
4472,43
4473,36
4474,1
4475,26
4476,20
4477,33
4478,23
4479,3
4480,10
4481,7
4482,12
4483,6
4484,27
4485,45
4486,10
4487,24
4488,7
4489,2
4490,36
4491,13
4492,10
4493,4
4494,11
4495,45
4496,26
4497,7
4498,20
4499,34
4500,18
4501,21
4502,14
4503,48
4504,44
4505,21
4506,47
4507,20
4508,33
4509,19
4510,2
4511,18
4512,42
4513,49
4514,39
4515,3
4516,2
4517,22
4518,4
4519,25
4520,9
4521,6
4522,18
4523,33
4524,49
4525,17
4526,13
4527,26
4528,6
4529,7
4530,43
4531,2
4532,28
4533,15
4534,31
4535,37
4536,47
4537,27
4538,38
4539,28
4540,42
4541,4
4542,45
4543,47
4544,30
4545,6
4546,32
4547,28
4548,36
4549,9
4550,23
4551,13
4552,0
4553,9
4554,24
4555,40
4556,24
4557,30
4558,33
4559,47
4560,11
4561,35
4562,21
4563,20
4564,0
4565,38
4566,37
4567,33
4568,17
4569,29
4570,33
4571,11
4572,10
4573,38
4574,8
4575,31
4576,9
4577,20
4578,47
4579,23
4580,19
4581,23
4582,15
4583,8
4584,13
4585,49
4586,24
4587,44
4588,16
4589,35
4590,8
4591,45
4592,0
4593,1
4594,21
4595,22
4596,8
4597,2
4598,1
4599,47
4600,18
4601,48
4602,12
4603,21
4604,43
4605,44
4606,32
4607,16
4608,0
4609,10
4610,21
4611,4
4612,7
4613,13
4614,30
4615,30
4616,48
4617,8
4618,23
4619,21
4620,29
4621,18
4622,27
4623,27
4624,27
4625,26
4626,23
4627,47
4628,23
4629,34
4630,28
4631,41
4632,40
4633,5
4634,49
4635,11
4636,43
4637,25
4638,0
4639,38
4640,47
4641,26
4642,41
4643,45
4644,34
4645,44
4646,5
4647,44
4648,8
4649,15
4650,41
4651,8
4652,16
4653,10
4654,19
4655,21
4656,5
4657,18
4658,1
4659,5
4660,45
4661,7
4662,5
4663,44
4664,5
4665,8
4666,9
4667,18
4668,31
4669,37
4670,15
4671,8
4672,49
4673,44
4674,37
4675,8
4676,48
4677,0
4678,25
4679,41
4680,49
4681,28
4682,45
4683,2
4684,48
4685,4
4686,8
4687,16
4688,43
4689,19
4690,41
4691,26
4692,12
4693,11
4694,36
4695,47
4696,27
4697,27
4698,44
4699,33
4700,32
4701,19
4702,47
4703,7
4704,34
4705,30
4706,24
4707,24
4708,17
4709,41
4710,41
4711,5
4712,14
4713,19
4714,22
4715,33
4716,37
4717,16
4718,1
4719,13
4720,36
4721,30
4722,30
4723,30
4724,26
4725,16
4726,16
4727,21
4728,25
4729,41
4730,2
4731,41
4732,40
4733,13
4734,17
4735,8
4736,19
4737,2
4738,30
4739,46
4740,3
4741,18
4742,17
4743,33
4744,36
4745,39
4746,31
4747,29
4748,48
4749,40
4750,26
4751,40
4752,38
4753,49
4754,49
4755,0
4756,4
4757,49
4758,37
4759,24
4760,11
4761,26
4762,22
4763,38
4764,17
4765,32
4766,24
4767,29
4768,11
4769,37
4770,25
4771,34
4772,19
4773,23
4774,4
4775,41
4776,40
4777,37
4778,26
4779,37
4780,46
4781,44
4782,10
4783,48
4784,34
4785,23
4786,8
4787,16
4788,35
4789,8
4790,35
4791,1
4792,41
4793,35
4794,19
4795,7
4796,24
4797,30
4798,13
4799,35
4800,44
4801,14
4802,24
4803,22
4804,3
4805,22
4806,40
4807,0
4808,33
4809,8
4810,1
4811,4
4812,31
4813,7
4814,49
4815,30
4816,23
4817,26
4818,32
4819,16
4820,14
4821,30
4822,2
4823,8
4824,15
4825,0
4826,14
4827,17
4828,11
4829,13
4830,4
4831,31
4832,49
4833,3
4834,45
4835,40
4836,45
4837,7
4838,19
4839,48
4840,5
4841,30
4842,1
4843,17
4844,42
4845,0
4846,13
4847,38
4848,12
4849,27
4850,29
4851,41
4852,11
4853,22
4854,48
4855,24
4856,35
4857,4
4858,14
4859,46
4860,47
4861,32
4862,28
4863,3
4864,9
4865,43
4866,35
4867,4
4868,4
4869,34
4870,21
4871,7
4872,18
4873,27
4874,30
4875,11
4876,8
4877,22
4878,15
4879,18
4880,10
4881,45
4882,22
4883,1
4884,30
4885,12
4886,13
4887,30
4888,9
4889,45
4890,21
4891,6
4892,30
4893,4
4894,5
4895,30
4896,42
4897,8
4898,1
4899,47
4900,46
4901,43
4902,40
4903,21
4904,15
4905,36
4906,19
4907,10
4908,46
4909,10
4910,10
4911,40
4912,35
4913,2
4914,11
4915,14
4916,5
4917,15
4918,16
4919,29
4920,18
4921,46
4922,20
4923,45
4924,7
4925,20
4926,10
4927,3
4928,22
4929,34
4930,17
4931,15
4932,5
4933,21
4934,26
4935,45
4936,24
4937,4
4938,2
4939,22
4940,26
4941,0
4942,18
4943,11
4944,13
4945,14
4946,35
4947,19
4948,7
4949,43
4950,36
4951,28
4952,35
4953,37
4954,39
4955,33
4956,31
4957,4
4958,29
4959,41
4960,6
4961,40
4962,35
4963,47
4964,11
4965,0
4966,32
4967,37
4968,0
4969,0
4970,11
4971,37
4972,32
4973,9
4974,49
4975,17
4976,3
4977,11
4978,41
4979,21
4980,20
4981,22
4982,34
4983,42
4984,48
4985,18
4986,23
4987,48
4988,30
4989,25
4990,11
4991,4
4992,44
4993,49
4994,45
4995,8
4996,6
4997,22
4998,2
4999,29
5000,30
5001,29
5002,24
5003,4
5004,45
5005,4
5006,24
5007,37
5008,20
5009,27
5010,4
5011,0
5012,33
5013,4
5014,13
5015,18
5016,1
5017,2
5018,39
5019,31
5020,20
5021,12
5022,29
5023,36
5024,39
5025,25
5026,40
5027,17
5028,9
5029,4
5030,3
5031,43
5032,35
5033,11
5034,22
5035,3
5036,24
5037,2
5038,11
5039,16
5040,38
5041,8
5042,49
5043,6
5044,49
5045,29
5046,23
5047,24
5048,28
5049,24
5050,29
5051,29
5052,19
5053,13
5054,47
5055,12
5056,34
5057,3
5058,28
5059,23
5060,17
5061,38
5062,49
5063,39
5064,37
5065,18
5066,4
5067,45
5068,45
5069,4
5070,1
5071,20
5072,35
5073,1
5074,26
5075,13
5076,30
5077,40
5078,47
5079,47
5080,41
5081,38
5082,26
5083,31
5084,16
5085,14
5086,39
5087,48
5088,9
5089,48
5090,21
5091,36
5092,40
5093,0
5094,8
5095,3
5096,5
5097,6
5098,33
5099,1
5100,17
5101,16
5102,26
5103,46
5104,46
5105,39
5106,3
5107,7
5108,30
5109,40
5110,38
5111,40
5112,33
5113,38
5114,32
5115,0
5116,3
5117,31
5118,41
5119,6
5120,48
5121,46
5122,16
5123,29
5124,42
5125,3
5126,34
5127,47
5128,13
5129,15
5130,14
5131,38
5132,24
5133,40
5134,4
5135,13
5136,12
5137,42
5138,20
5139,48
5140,25
5141,40
5142,32
5143,0
5144,9
5145,48
5146,46
5147,2
5148,33
5149,43
5150,0
5151,15
5152,3
5153,26
5154,27
5155,20
5156,10
5157,26
5158,37
5159,6
5160,13
5161,37
5162,32
5163,7
5164,21
5165,20
5166,0
5167,8
5168,8
5169,39
5170,20
5171,14
5172,25
5173,23
5174,3
5175,21
5176,24
5177,28
5178,34
5179,18
5180,19
5181,33
5182,33
5183,11
5184,36
5185,44
5186,34
5187,17
5188,10
5189,16
5190,17
5191,2
5192,44
5193,34
5194,18
5195,25
5196,2
5197,11
5198,0
5199,46
5200,29
5201,9
5202,7
5203,9
5204,48
5205,14
5206,27
5207,30
5208,34
5209,2
5210,31
5211,45
5212,2
5213,20
5214,42
5215,11
5216,49
5217,42
5218,3
5219,34
5220,24
5221,24
5222,49
5223,40
5224,13
5225,35
5226,10
5227,48
5228,26
5229,9
5230,17
5231,8
5232,7
5233,33
5234,7
5235,16
5236,34
5237,29
5238,22
5239,30
5240,41
5241,46
5242,30
5243,28
5244,4
5245,40
5246,4
5247,25
5248,39
5249,44
5250,42
5251,32
5252,1
5253,18
5254,19
5255,18
5256,14
5257,7
5258,13
5259,23
5260,5
5261,41
5262,19
5263,25
5264,31
5265,42
5266,2
5267,14
5268,40
5269,8
5270,3
5271,2
5272,8
5273,44
5274,24
5275,37
5276,42
5277,41
5278,30
5279,5
5280,37
5281,49
5282,48
5283,46
5284,12
5285,8
5286,35
5287,42
5288,34
5289,34
5290,21
5291,22
5292,44
5293,46
5294,3
5295,24
5296,42
5297,7
5298,30
5299,8
5300,21
5301,47
5302,25
5303,4
5304,18
5305,15
5306,14
5307,48
5308,9
5309,6
5310,42
5311,39
5312,10
5313,40
5314,48
5315,7
5316,10
5317,33
5318,42
5319,36
5320,5
5321,1
5322,43
5323,21
5324,3
5325,8
5326,18
5327,40
5328,31
5329,37
5330,13
5331,23
5332,14
5333,29
5334,39
5335,23
5336,35
5337,1
5338,12
5339,48
5340,43
5341,23
5342,35
5343,22
5344,17
5345,44
5346,29
5347,18
5348,26
5349,37
5350,7
5351,42
5352,34
5353,2
5354,15
5355,24
5356,31
5357,22
5358,30
5359,4
5360,44
5361,6
5362,10
5363,9
5364,12
5365,36
5366,19
5367,13
5368,29
5369,27
5370,45
5371,6
5372,9
5373,32
5374,13
5375,13
5376,13
5377,46
5378,34
5379,42
5380,31
5381,7
5382,49
5383,28
5384,35
5385,43
5386,6
5387,44
5388,1
5389,0
5390,30
5391,40
5392,9
5393,24
5394,5
5395,29
5396,42
5397,2
5398,1
5399,5
5400,46
5401,23
5402,15
5403,36
5404,26
5405,28
5406,25
5407,45
5408,44
5409,24
5410,27
5411,44
5412,38
5413,27
5414,43
5415,44
5416,5
5417,5
5418,4
5419,4
5420,33
5421,29
5422,18
5423,49
5424,0
5425,40
5426,46
5427,7
5428,28
5429,46
5430,4
5431,6
5432,14
5433,2
5434,10
5435,37
5436,9
5437,49
5438,46
5439,5
5440,3
5441,35
5442,18
5443,3
5444,45
5445,2
5446,49
5447,41
5448,6
5449,4
5450,27
5451,16
5452,43
5453,18
5454,6
5455,31
5456,49
5457,19
5458,11
5459,31
5460,31
5461,17
5462,19
5463,16
5464,16
5465,26
5466,18
5467,33
5468,16
5469,22
5470,47
5471,11
5472,22
5473,22
5474,8
5475,32
5476,31
5477,15
5478,29
5479,9
5480,17
5481,24
5482,22
5483,25
5484,34
5485,20
5486,44
5487,28
5488,19
5489,8
5490,41
5491,34
5492,29
5493,37
5494,23
5495,30
5496,49
5497,47
5498,8
5499,23
5500,21
5501,39
5502,9
5503,4
5504,35
5505,17
5506,44
5507,24
5508,33
5509,15
5510,22
5511,47
5512,15
5513,0
5514,20
5515,6
5516,25
5517,40
5518,8
5519,35
5520,19
5521,16
5522,23
5523,0
5524,25
5525,14
5526,40
5527,21
5528,29
5529,4
5530,3
5531,35
5532,23
5533,1
5534,17
5535,39
5536,41
5537,5
5538,0
5539,36
5540,19
5541,20
5542,33
5543,14
5544,5
5545,39
5546,25
5547,29
5548,18
5549,5
5550,43
5551,38
5552,41
5553,30
5554,34
5555,22
5556,18
5557,4
5558,31
5559,10
5560,5
5561,43
5562,38
5563,4
5564,38
5565,28
5566,38
5567,26
5568,8
5569,43
5570,24
5571,26
5572,8
5573,34
5574,5
5575,10
5576,16
5577,2
5578,7
5579,33
5580,24
5581,29
5582,26
5583,31
5584,40
5585,31
5586,5
5587,44
5588,8
5589,25
5590,9
5591,27
5592,41
5593,16
5594,13
5595,22
5596,43
5597,18
5598,15
5599,17
5600,49
5601,25
5602,18
5603,44
5604,6
5605,32
5606,32
5607,31
5608,17
5609,43
5610,45
5611,24
5612,0
5613,41
5614,0
5615,38
5616,28
5617,44
5618,20
5619,24
5620,20
5621,45
5622,19
5623,20
5624,4
5625,4
5626,32
5627,39
5628,30
5629,27
5630,25
5631,0
5632,44
5633,4
5634,17
5635,39
5636,2
5637,16
5638,29
5639,42
5640,1
5641,43
5642,13
5643,29
5644,2
5645,38
5646,37
5647,35
5648,25
5649,4
5650,46
5651,32
5652,34
5653,27
5654,43
5655,19
5656,30
5657,17
5658,6
5659,23
5660,12
5661,37
5662,33
5663,28
5664,30
5665,35
5666,2
5667,4
5668,29
5669,45
5670,25
5671,15
5672,39
5673,13
5674,21
5675,37
5676,15
5677,14
5678,40
5679,37
5680,24
5681,31
5682,10
5683,22
5684,29
5685,37
5686,43
5687,13
5688,33
5689,4
5690,4
5691,22
5692,14
5693,29
5694,27
5695,22
5696,47
5697,29
5698,42
5699,7
5700,43
5701,36
5702,27
5703,4
5704,9
5705,10
5706,4
5707,33
5708,10
5709,19
5710,19
5711,30
5712,22
5713,1
5714,31
5715,40
5716,16
5717,44
5718,23
5719,23
5720,16
5721,3
5722,1
5723,23
5724,34
5725,2
5726,47
5727,13
5728,24
5729,40
5730,6
5731,6
5732,40
5733,17
5734,31
5735,32
5736,39
5737,42
5738,6
5739,44
5740,19
5741,47
5742,26
5743,35
5744,34
5745,1
5746,26
5747,47
5748,8
5749,27
5750,15
5751,25
5752,8
5753,15
5754,1
5755,33
5756,18
5757,13
5758,18
5759,23
5760,0
5761,20
5762,16
5763,38
5764,43
5765,40
5766,12
5767,18
5768,5
5769,25
5770,2
5771,6
5772,28
5773,16
5774,13
5775,31
5776,2
5777,3
5778,23
5779,16
5780,13
5781,32
5782,47
5783,34
5784,26
5785,28
5786,26
5787,8
5788,5
5789,42
5790,32
5791,7
5792,19
5793,38
5794,14
5795,33
5796,4
5797,8
5798,23
5799,32
5800,2
5801,34
5802,47
5803,16
5804,34
5805,12
5806,12
5807,48
5808,10
5809,4
5810,45
5811,45
5812,27
5813,18
5814,20
5815,1
5816,20
5817,31
5818,30
5819,13
5820,10
5821,26
5822,20
5823,19
5824,21
5825,27
5826,23
5827,13
5828,23
5829,18
5830,42
5831,20
5832,24
5833,15
5834,49
5835,43
5836,31
5837,6
5838,44
5839,32
5840,3
5841,43
5842,6
5843,46
5844,26
5845,35
5846,14
5847,7
5848,41
5849,30
5850,38
5851,11
5852,35
5853,12
5854,37
5855,4
5856,34
5857,19
5858,13
5859,40
5860,33
5861,9
5862,44
5863,0
5864,39
5865,48
5866,11
5867,20
5868,19
5869,24
5870,19
5871,32
5872,25
5873,10
5874,32
5875,9
5876,17
5877,22
5878,11
5879,11
5880,0
5881,33
5882,43
5883,5
5884,6
5885,13
5886,31
5887,39
5888,19
5889,48
5890,9
5891,7
5892,13
5893,48
5894,6
5895,4
5896,38
5897,13
5898,47
5899,22
5900,29
5901,45
5902,4
5903,46
5904,44
5905,40
5906,26
5907,15
5908,18
5909,16
5910,40
5911,28
5912,19
5913,49
5914,34
5915,23
5916,21
5917,29
5918,38
5919,37
5920,37
5921,22
5922,9
5923,16
5924,44
5925,22
5926,42
5927,21
5928,5
5929,26
5930,23
5931,40
5932,21
5933,33
5934,29
5935,5
5936,17
5937,38
5938,33
5939,18
5940,2
5941,28
5942,31
5943,3
5944,49
5945,10
5946,3
5947,15
5948,32
5949,24
5950,20
5951,20
5952,38
5953,25
5954,41
5955,10
5956,24
5957,24
5958,23
5959,11
5960,48
5961,36
5962,23
5963,20
5964,41
5965,19
5966,23
5967,41
5968,39
5969,17
5970,19
5971,39
5972,2
5973,37
5974,14
5975,46
5976,39
5977,36
5978,7
5979,9
5980,25
5981,12
5982,25
5983,25
5984,48
5985,34
5986,33
5987,40
5988,27
5989,26
5990,36
5991,46
5992,8
5993,17
5994,38
5995,36
5996,43
5997,46
5998,38
5999,30
6000,42
6001,30
6002,47
6003,24
6004,11
6005,45
6006,13
6007,8
6008,7
6009,44
6010,14
6011,20
6012,34
6013,38
6014,31
6015,47
6016,4
6017,5
6018,18
6019,30
6020,22
6021,11
6022,33
6023,43
6024,38
6025,46
6026,38
6027,25
6028,31
6029,31
6030,15
6031,44
6032,21
6033,27
6034,39
6035,0
6036,23
6037,44
6038,5
6039,6
6040,26
6041,46
6042,46
6043,16
6044,32
6045,15
6046,0
6047,17
6048,10
6049,42
6050,45
6051,11
6052,32
6053,18
6054,22
6055,20
6056,31
6057,41
6058,18
6059,14
6060,10
6061,49
6062,49
6063,26
6064,10
6065,15
6066,42
6067,43
6068,44
6069,3
6070,13
6071,43
6072,44
6073,3
6074,45
6075,26
6076,39
6077,26
6078,3
6079,13
6080,21
6081,4
6082,34
6083,26
6084,44
6085,30
6086,14
6087,30
6088,35
6089,11
6090,46
6091,9
6092,11
6093,0
6094,14
6095,44
6096,16
6097,30
6098,21
6099,13
6100,45
6101,32
6102,22
6103,24
6104,23
6105,31
6106,29
6107,14
6108,20
6109,30
6110,6
6111,43
6112,49
6113,3
6114,32
6115,26
6116,27
6117,5
6118,46
6119,14
6120,28
6121,44
6122,49
6123,34
6124,43
6125,34
6126,1
6127,12
6128,21
6129,24
6130,41
6131,33
6132,1
6133,37
6134,8
6135,8
6136,26
6137,45
6138,38
6139,47
6140,15
6141,33
6142,0
6143,20
6144,35
6145,33
6146,23
6147,12
6148,25
6149,34
6150,41
6151,14
6152,16
6153,46
6154,14
6155,19
6156,17
6157,19
6158,47
6159,5
6160,11
6161,23
6162,11
6163,20
6164,12
6165,30
6166,19
6167,33
6168,5
6169,17
6170,42
6171,31
6172,42
6173,33
6174,47
6175,44
6176,36
6177,28
6178,21
6179,11
6180,18
6181,34
6182,5
6183,10
6184,0
6185,7
6186,3
6187,45
6188,26
6189,29
6190,4
6191,14
6192,32
6193,1
6194,9
6195,20
6196,18
6197,28
6198,28
6199,17
6200,3
6201,49
6202,7
6203,41
6204,4
6205,25
6206,14
6207,49
6208,0
6209,39
6210,19
6211,22
6212,43
6213,13
6214,11
6215,24
6216,48
6217,34
6218,12
6219,26
6220,7
6221,42
6222,43
6223,43
6224,33
6225,19
6226,10
6227,21
6228,30
6229,6
6230,3
6231,20
6232,46
6233,17
6234,34
6235,14
6236,19
6237,39
6238,38
6239,28
6240,4
6241,40
6242,14
6243,0
6244,14
6245,13
6246,29
6247,38
6248,48
6249,10
6250,8
6251,9
6252,31
6253,25
6254,48
6255,12
6256,40
6257,39
6258,22
6259,24
6260,25
6261,36
6262,42
6263,7
6264,13
6265,24
6266,40
6267,31
6268,5
6269,27
6270,35
6271,0
6272,26
6273,29
6274,30
6275,5
6276,29
6277,43
6278,15
6279,1
6280,8
6281,2
6282,41
6283,6
6284,2
6285,2
6286,20
6287,46
6288,20
6289,35
6290,20
6291,11
6292,18
6293,17
6294,35
6295,43
6296,0
6297,49
6298,15
6299,1
6300,21
6301,27
6302,32
6303,18
6304,11
6305,29
6306,42
6307,11
6308,25
6309,27
6310,6
6311,48
6312,35
6313,39
6314,45
6315,30
6316,49
6317,19
6318,12
6319,46
6320,25
6321,4
6322,15
6323,13
6324,43
6325,8
6326,6
6327,34
6328,2
6329,48
6330,48
6331,46
6332,1
6333,14
6334,23
6335,43
6336,31
6337,41
6338,13
6339,21
6340,40
6341,4
6342,36
6343,5
6344,40
6345,38
6346,21
6347,8
6348,38
6349,8
6350,43
6351,46
6352,31
6353,28
6354,32
6355,23
6356,22
6357,17
6358,48
6359,18
6360,43
6361,45
6362,44
6363,38
6364,25
6365,2
6366,47
6367,14
6368,24
6369,31
6370,36
6371,31
6372,14
6373,34
6374,47
6375,21
6376,36
6377,22
6378,47
6379,3
6380,3
6381,41
6382,42
6383,44
6384,36
6385,20
6386,23
6387,33
6388,13
6389,6
6390,44
6391,49
6392,25
6393,48
6394,28
6395,21
6396,43
6397,36
6398,37
6399,1
6400,31
6401,45
6402,44
6403,36
6404,44
6405,35
6406,16
6407,40
6408,18
6409,30
6410,12
6411,42
6412,9
6413,44
6414,29
6415,27
6416,43
6417,12
6418,0
6419,33
6420,26
6421,5
6422,8
6423,49
6424,18
6425,46
6426,29
6427,19
6428,28
6429,46
6430,19
6431,28
6432,42
6433,2
6434,27
6435,15
6436,42
6437,14
6438,42
6439,43
6440,12
6441,45
6442,11
6443,0
6444,43
6445,26
6446,1
6447,48
6448,35
6449,46
6450,46
6451,9
6452,21
6453,46
6454,43
6455,44
6456,49
6457,46
6458,23
6459,24
6460,2
6461,19
6462,44
6463,20
6464,14
6465,36
6466,17
6467,26
6468,27
6469,41
6470,2
6471,35
6472,19
6473,2
6474,6
6475,2
6476,35
6477,6
6478,18
6479,44
6480,42
6481,43
6482,9
6483,5
6484,42
6485,2
6486,40
6487,7
6488,36
6489,30
6490,26
6491,36
6492,34
6493,24
6494,12
6495,32
6496,46
6497,48
6498,48
6499,32
6500,13
6501,45
6502,6
6503,47
6504,16
6505,39
6506,39
6507,0
6508,35
6509,9
6510,25
6511,33
6512,4
6513,7
6514,29
6515,1
6516,40
6517,36
6518,10
6519,23
6520,2
6521,10
6522,29
6523,2
6524,7
6525,47
6526,20
6527,15
6528,46
6529,30
6530,14
6531,44
6532,49
6533,0
6534,17
6535,44
6536,1
6537,6
6538,8
6539,40
6540,38
6541,48
6542,26
6543,23
6544,29
6545,49
6546,14
6547,8
6548,22
6549,47
6550,37
6551,24
6552,28
6553,8
6554,30
6555,47
6556,18
6557,5
6558,44
6559,47
6560,18
6561,18
6562,6
6563,14
6564,19
6565,17
6566,13
6567,23
6568,17
6569,5
6570,17
6571,7
6572,2
6573,47
6574,34
6575,2
6576,37
6577,20
6578,36
6579,4
6580,18
6581,36
6582,31
6583,25
6584,10
6585,19
6586,6
6587,13
6588,32
6589,42
6590,26
6591,10
6592,20
6593,44
6594,24
6595,1
6596,47
6597,8
6598,42
6599,23
6600,3
6601,33
6602,33
6603,47
6604,35
6605,47
6606,1
6607,1
6608,17
6609,33
6610,30
6611,48
6612,13
6613,7
6614,33
6615,25
6616,26
6617,4
6618,4
6619,39
6620,31
6621,29
6622,4
6623,49
6624,23
6625,10
6626,9
6627,9
6628,37
6629,5
6630,31
6631,39
6632,2
6633,32
6634,47
6635,29
6636,19
6637,45
6638,15
6639,27
6640,22
6641,34
6642,48
6643,16
6644,20
6645,41
6646,30
6647,18
6648,34
6649,39
6650,17
6651,46
6652,33
6653,46
6654,29
6655,24
6656,35
6657,10
6658,42
6659,25
6660,0
6661,43
6662,16
6663,42
6664,6
6665,22
6666,29
6667,12
6668,31
6669,14
6670,16
6671,6
6672,30
6673,13
6674,8
6675,14
6676,45
6677,13
6678,8
6679,27
6680,28
6681,12
6682,6
6683,25
6684,48
6685,49
6686,42
6687,12
6688,15
6689,27
6690,33
6691,47
6692,24
6693,46
6694,18
6695,27
6696,23
6697,40
6698,29
6699,38
6700,41
6701,38
6702,1
6703,3
6704,35
6705,2
6706,34
6707,7
6708,46
6709,38
6710,48
6711,42
6712,23
6713,43
6714,21
6715,22
6716,6
6717,2
6718,1
6719,13
6720,35
6721,38
6722,22
6723,17
6724,21
6725,14
6726,18
6727,22
6728,18
6729,43
6730,20
6731,36
6732,30
6733,43
6734,40
6735,49
6736,23
6737,43
6738,4
6739,40
6740,42
6741,26
6742,40
6743,45
6744,39
6745,5
6746,6
6747,7
6748,23
6749,9
6750,23
6751,37
6752,6
6753,1
6754,18
6755,27
6756,37
6757,23
6758,14
6759,26
6760,43
6761,38
6762,17
6763,10
6764,26
6765,12
6766,9
6767,40
6768,10
6769,2
6770,45
6771,1
6772,23
6773,24
6774,7
6775,21
6776,26
6777,20
6778,44
6779,48
6780,47
6781,22
6782,32
6783,11
6784,17
6785,26
6786,25
6787,34
6788,35
6789,23
6790,19
6791,49
6792,31
6793,25
6794,22
6795,2
6796,22
6797,26
6798,11
6799,27
6800,33
6801,48
6802,46
6803,20
6804,37
6805,19
6806,18
6807,46
6808,48
6809,21
6810,17
6811,8
6812,48
6813,6
6814,14
6815,25
6816,4
6817,25
6818,14
6819,14
6820,33
6821,14
6822,41
6823,36
6824,32
6825,16
6826,48
6827,42
6828,5
6829,16
6830,8
6831,25
6832,35
6833,4
6834,21
6835,27
6836,35
6837,27
6838,6
6839,13
6840,33
6841,47
6842,33
6843,30
6844,46
6845,23
6846,31
6847,1
6848,1
6849,17
6850,26
6851,30
6852,9
6853,3
6854,30
6855,29
6856,46
6857,29
6858,3
6859,41
6860,19
6861,47
6862,18
6863,41
6864,19
6865,7
6866,47
6867,36
6868,9
6869,17
6870,42
6871,8
6872,37
6873,45
6874,25
6875,35
6876,29
6877,35
6878,18
6879,44
6880,42
6881,43
6882,32
6883,43
6884,16
6885,9
6886,15
6887,23
6888,39
6889,28
6890,32
6891,47
6892,24
6893,10
6894,39
6895,48
6896,11
6897,30
6898,24
6899,9
6900,1
6901,34
6902,32
6903,38
6904,27
6905,6
6906,10
6907,43
6908,28
6909,12
6910,49
6911,47
6912,22
6913,4
6914,18
6915,11
6916,14
6917,35
6918,33
6919,2
6920,6
6921,39
6922,22
6923,1
6924,28
6925,24
6926,31
6927,33
6928,45
6929,29
6930,48
6931,10
6932,17
6933,46
6934,38
6935,30
6936,49
6937,4
6938,21
6939,49
6940,6
6941,37
6942,17
6943,40
6944,49
6945,28
6946,45
6947,35
6948,8
6949,18
6950,21
6951,11
6952,4
6953,31
6954,33
6955,15
6956,48
6957,10
6958,22
6959,17
6960,42
6961,17
6962,48
6963,33
6964,33
6965,31
6966,20
6967,41
6968,33
6969,19
6970,16
6971,3
6972,41
6973,13
6974,16
6975,41
6976,17
6977,43
6978,39
6979,24
6980,43
6981,30
6982,7
6983,41
6984,9
6985,33
6986,9
6987,42
6988,22
6989,39
6990,10
6991,13
6992,14
6993,48
6994,31
6995,20
6996,43
6997,44
6998,11
6999,30
7000,27
7001,9
7002,13
7003,22
7004,3
7005,17
7006,34
7007,37
7008,26
7009,46
7010,45
7011,16
7012,25
7013,36
7014,33
7015,7
7016,35
7017,9
7018,17
7019,3
7020,19
7021,21
7022,10
7023,13
7024,33
7025,38
7026,41
7027,39
7028,37
7029,12
7030,10
7031,41
7032,32
7033,43
7034,27
7035,25
7036,10
7037,34
7038,15
7039,8
7040,22
7041,31
7042,3
7043,5
7044,27
7045,42
7046,36
7047,17
7048,22
7049,19
7050,38
7051,35
7052,2
7053,27
7054,28
7055,22
7056,3
7057,4
7058,2
7059,12
7060,7
7061,12
7062,29
7063,4
7064,42
7065,24
7066,41
7067,36
7068,42
7069,23
7070,27
7071,48
7072,31
7073,49
7074,13
7075,14
7076,25
7077,2
7078,3
7079,23
7080,36
7081,41
7082,31
7083,10
7084,16
7085,31
7086,35
7087,24
7088,33
7089,10
7090,38
7091,1
7092,11
7093,25
7094,10
7095,2
7096,5
7097,43
7098,37
7099,21
7100,42
7101,13
7102,41
7103,15
7104,29
7105,8
7106,16
7107,10
7108,31
7109,20
7110,30
7111,19
7112,14
7113,41
7114,0
7115,25
7116,0
7117,33
7118,48
7119,44
7120,15
7121,30
7122,11
7123,35
7124,35
7125,38
7126,6
7127,35
7128,11
7129,22
7130,48
7131,16
7132,48
7133,13
7134,27
7135,8
7136,5
7137,17
7138,29
7139,25
7140,38
7141,31
7142,30
7143,36
7144,39
7145,18
7146,42
7147,39
7148,8
7149,18
7150,9
7151,12
7152,47
7153,32
7154,45
7155,47
7156,11
7157,32
7158,30
7159,27
7160,20
7161,38
7162,48
7163,1
7164,27
7165,39
7166,18
7167,11
7168,26
7169,12
7170,37
7171,25
7172,35
7173,39
7174,43
7175,49
7176,35
7177,42
7178,10
7179,7
7180,1
7181,9
7182,6
7183,16
7184,23
7185,39
7186,25
7187,22
7188,12
7189,37
7190,5
7191,45
7192,20
7193,8
7194,20
7195,17
7196,36
7197,43
7198,8
7199,18
7200,38
7201,14
7202,46
7203,36
7204,30
7205,45
7206,36
7207,1
7208,47
7209,31
7210,13
7211,8
7212,32
7213,37
7214,27
7215,35
7216,31
7217,34
7218,39
7219,7
7220,13
7221,12
7222,10
7223,46
7224,11
7225,21
7226,14
7227,14
7228,26
7229,18
7230,16
7231,18
7232,29
7233,20
7234,13
7235,19
7236,3
7237,29
7238,44
7239,6
7240,47
7241,2
7242,25
7243,19
7244,36
7245,38
7246,30
7247,10
7248,39
7249,16
7250,48
7251,9
7252,7
7253,40
7254,4
7255,16
7256,48
7257,37
7258,19
7259,32
7260,43
7261,36
7262,7
7263,19
7264,29
7265,24
7266,25
7267,9
7268,4
7269,17
7270,1
7271,9
7272,20
7273,29
7274,28
7275,6
7276,5
7277,16
7278,43
7279,26
7280,4
7281,19
7282,47
7283,41
7284,22
7285,26
7286,42
7287,12
7288,12
7289,17
7290,3
7291,1
7292,7
7293,7
7294,49
7295,9
7296,40
7297,21
7298,22
7299,47
7300,25
7301,26
7302,2
7303,7
7304,42
7305,24
7306,43
7307,21
7308,9
7309,8
7310,11
7311,28
7312,14
7313,41
7314,23
7315,1
7316,5
7317,12
7318,36
7319,23
7320,31
7321,44
7322,36
7323,28
7324,31
7325,3
7326,47
7327,33
7328,37
7329,30
7330,46
7331,0
7332,27
7333,11
7334,7
7335,29
7336,10
7337,18
7338,33
7339,38
7340,23
7341,26
7342,31
7343,33
7344,39
7345,38
7346,15
7347,7
7348,2
7349,32
7350,10
7351,33
7352,16
7353,12
7354,13
7355,16
7356,7
7357,41
7358,15
7359,19
7360,21
7361,38
7362,21
7363,46
7364,1
7365,27
7366,31
7367,12
7368,16
7369,15
7370,11
7371,25
7372,30
7373,32
7374,3
7375,35
7376,12
7377,38
7378,36
7379,34
7380,49
7381,38
7382,10
7383,23
7384,9
7385,17
7386,9
7387,12
7388,10
7389,20
7390,11
7391,15
7392,24
7393,35
7394,38
7395,11
7396,32
7397,46
7398,12
7399,3
7400,2
7401,36
7402,45
7403,40
7404,5
7405,38
7406,27
7407,13
7408,38
7409,49
7410,20
7411,21
7412,49
7413,18
7414,5
7415,29
7416,20
7417,5
7418,46
7419,44
7420,16
7421,22
7422,29
7423,26
7424,32
7425,20
7426,36
7427,10
7428,33
7429,45
7430,45
7431,8
7432,15
7433,25
7434,38
7435,30
7436,47
7437,38
7438,35
7439,0
7440,16
7441,12
7442,15
7443,31
7444,23
7445,37
7446,11
7447,4
7448,46
7449,34
7450,4
7451,23
7452,49
7453,30
7454,34
7455,12
7456,24
7457,29
7458,13
7459,17
7460,38
7461,41
7462,13
7463,9
7464,39
7465,25
7466,43
7467,23
7468,33
7469,15
7470,33
7471,41
7472,18
7473,30
7474,0
7475,4
7476,9
7477,44
7478,20
7479,49
7480,28
7481,35
7482,0
7483,27
7484,1
7485,3
7486,25
7487,5
7488,17
7489,7
7490,21
7491,43
7492,26
7493,33
7494,40
7495,38
7496,25
7497,0
7498,44
7499,25
7500,7
7501,5
7502,23
7503,35
7504,40
7505,21
7506,17
7507,2
7508,31
7509,27
7510,26
7511,20
7512,42
7513,32
7514,18
7515,36
7516,46
7517,19
7518,28
7519,3
7520,39
7521,31
7522,9
7523,38
7524,12
7525,39
7526,9
7527,8
7528,9
7529,27
7530,40
7531,49
7532,39
7533,25
7534,36
7535,31
7536,20
7537,39
7538,14
7539,22
7540,28
7541,2
7542,47
7543,1
7544,40
7545,1
7546,17
7547,30
7548,20
7549,30
7550,24
7551,18
7552,12
7553,36
7554,0
7555,0
7556,19
7557,9
7558,23
7559,12
7560,25
7561,14
7562,49
7563,20
7564,27
7565,49
7566,30
7567,15
7568,32
7569,15
7570,3
7571,28
7572,7
7573,15
7574,7
7575,28
7576,20
7577,20
7578,16
7579,26
7580,16
7581,45
7582,8
7583,39
7584,28
7585,0
7586,2
7587,48
7588,11
7589,14
7590,25
7591,22
7592,13
7593,37
7594,36
7595,39
7596,12
7597,39
7598,12
7599,15
7600,17
7601,45
7602,36
7603,23
7604,1
7605,18
7606,7
7607,17
7608,0
7609,4
7610,3
7611,20
7612,23
7613,29
7614,10
7615,21
7616,26
7617,40
7618,20
7619,39
7620,24
7621,14
7622,3
7623,20
7624,23
7625,11
7626,34
7627,48
7628,20
7629,33
7630,19
7631,6
7632,22
7633,48
7634,41
7635,13
7636,21
7637,37
7638,25
7639,39
7640,47
7641,38
7642,16
7643,23
7644,23
7645,29
7646,45
7647,19
7648,34
7649,16
7650,38
7651,29
7652,22
7653,43
7654,47
7655,10
7656,37
7657,17
7658,20
7659,20
7660,46
7661,16
7662,9
7663,3
7664,41
7665,3
7666,26
7667,17
7668,29
7669,48
7670,1
7671,14
7672,12
7673,6
7674,41
7675,27
7676,15
7677,17
7678,43
7679,12
7680,0
7681,23
7682,4
7683,49
7684,31
7685,8
7686,40
7687,4
7688,27
7689,34
7690,34
7691,10
7692,31
7693,19
7694,43
7695,14
7696,0
7697,46
7698,7
7699,30
7700,27
7701,41
7702,40
7703,42
7704,48
7705,3
7706,41
7707,15
7708,17
7709,23
7710,7
7711,25
7712,19
7713,16
7714,41
7715,29
7716,27
7717,41
7718,4
7719,18
7720,14
7721,22
7722,12
7723,10
7724,49
7725,16
7726,14
7727,10
7728,48
7729,43
7730,45
7731,8
7732,49
7733,26
7734,8
7735,40
7736,0
7737,48
7738,13
7739,47
7740,34
7741,19
7742,7
7743,35
7744,4
7745,11
7746,49
7747,18
7748,22
7749,7
7750,5
7751,22
7752,25
7753,4
7754,49
7755,5
7756,46
7757,27
7758,17
7759,23
7760,13
7761,33
7762,16
7763,44
7764,14
7765,7
7766,44
7767,28
7768,27
7769,38
7770,18
7771,23
7772,11
7773,4
7774,12
7775,38
7776,20
7777,34
7778,9
7779,13
7780,8
7781,0
7782,31
7783,23
7784,7
7785,40
7786,39
7787,46
7788,45
7789,46
7790,28
7791,27
7792,0
7793,0
7794,28
7795,7
7796,21
7797,12
7798,33
7799,12
7800,37
7801,46
7802,5
7803,34
7804,0
7805,5
7806,32
7807,21
7808,40
7809,24
7810,30
7811,8
7812,2
7813,11
7814,23
7815,8
7816,35
7817,2
7818,37
7819,11
7820,2
7821,25
7822,0
7823,37
7824,8
7825,13
7826,25
7827,12
7828,36
7829,28
7830,39
7831,8
7832,12
7833,26
7834,35
7835,12
7836,5
7837,41
7838,16
7839,42
7840,44
7841,8
7842,37
7843,26
7844,26
7845,21
7846,29
7847,45
7848,0
7849,47
7850,16
7851,48
7852,42
7853,45
7854,33
7855,40
7856,37
7857,31
7858,38
7859,41
7860,20
7861,41
7862,44
7863,36
7864,49
7865,43
7866,44
7867,20
7868,37
7869,0
7870,17
7871,21
7872,14
7873,36
7874,13
7875,45
7876,21
7877,5
7878,13
7879,2
7880,21
7881,46
7882,27
7883,27
7884,4
7885,47
7886,46
7887,18
7888,10
7889,47
7890,28
7891,8
7892,3
7893,35
7894,12
7895,23
7896,31
7897,1
7898,3
7899,11
7900,4
7901,4
7902,36
7903,46
7904,36
7905,49
7906,22
7907,17
7908,49
7909,38
7910,39
7911,19
7912,24
7913,48
7914,33
7915,33
7916,28
7917,31
7918,17
7919,33
7920,3
7921,8
7922,26
7923,30
7924,44
7925,43
7926,37
7927,7
7928,24
7929,1
7930,5
7931,18
7932,16
7933,12
7934,23
7935,10
7936,29
7937,23
7938,48
7939,0
7940,13
7941,23
7942,19
7943,27
7944,0
7945,13
7946,18
7947,7
7948,11
7949,31
7950,29
7951,35
7952,33
7953,23
7954,47
7955,32
7956,13
7957,38
7958,25
7959,32
7960,43
7961,26
7962,26
7963,11
7964,49
7965,27
7966,46
7967,6
7968,49
7969,14
7970,20
7971,21
7972,1
7973,15
7974,46
7975,37
7976,19
7977,39
7978,3
7979,39
7980,45
7981,46
7982,37
7983,18
7984,22
7985,2
7986,26
7987,31
7988,32
7989,10
7990,45
7991,5
7992,11
7993,27
7994,12
7995,0
7996,6
7997,11
7998,27
7999,11
8000,31
8001,4
8002,5
8003,48
8004,32
8005,48
8006,31
8007,6
8008,16
8009,39
8010,9
8011,10
8012,1
8013,30
8014,44
8015,10
8016,43
8017,46
8018,26
8019,11
8020,19
8021,48
8022,43
8023,19
8024,47
8025,4
8026,22
8027,26
8028,0
8029,12
8030,32
8031,18
8032,22
8033,15
8034,38
8035,45
8036,0
8037,40
8038,14
8039,30
8040,47
8041,17
8042,28
8043,22
8044,6
8045,7
8046,38
8047,36
8048,28
8049,6
8050,36
8051,35
8052,36
8053,38
8054,34
8055,20
8056,0
8057,0
8058,16
8059,34
8060,13
8061,44
8062,36
8063,7
8064,35
8065,43
8066,43
8067,19
8068,45
8069,8
8070,28
8071,8
8072,27
8073,48
8074,15
8075,41
8076,29
8077,24
8078,7
8079,3
8080,35
8081,19
8082,15
8083,36
8084,8
8085,46
8086,6
8087,15
8088,46
8089,23
8090,40
8091,27
8092,10
8093,26
8094,37
8095,40
8096,18
8097,12
8098,11
8099,25
8100,6
8101,37
8102,39
8103,33
8104,1
8105,30
8106,26
8107,31
8108,41
8109,26
8110,38
8111,48
8112,39
8113,18
8114,29
8115,46
8116,13
8117,19
8118,17
8119,21
8120,34
8121,23
8122,42
8123,44
8124,34
8125,6
8126,39
8127,36
8128,30
8129,37
8130,42
8131,38
8132,13
8133,3
8134,38
8135,25
8136,46
8137,11
8138,46
8139,42
8140,27
8141,32
8142,39
8143,2
8144,27
8145,33
8146,21
8147,15
8148,19
8149,0
8150,1
8151,8
8152,18
8153,43
8154,48
8155,34
8156,21
8157,15
8158,40
8159,30
8160,41
8161,22
8162,37
8163,41
8164,4
8165,17
8166,11
8167,35
8168,30
8169,41
8170,33
8171,33
8172,20
8173,21
8174,24
8175,46
8176,44
8177,0
8178,47
8179,39
8180,39
8181,20
8182,31
8183,42
8184,17
8185,11
8186,28
8187,41
8188,28
8189,42
8190,33
8191,20
8192,9
8193,27
8194,12
8195,41
8196,49
8197,46
8198,21
8199,0
8200,45
8201,22
8202,26
8203,49
8204,45
8205,31
8206,10
8207,37
8208,12
8209,12
8210,43
8211,3
8212,15
8213,15
8214,18
8215,38
8216,42
8217,17
8218,27
8219,48
8220,28
8221,13
8222,41
8223,10
8224,49
8225,22
8226,14
8227,4
8228,23
8229,37
8230,24
8231,24
8232,38
8233,40
8234,21
8235,0
8236,31
8237,23
8238,15
8239,18
8240,17
8241,1
8242,41
8243,8
8244,0
8245,14
8246,40
8247,33
8248,4
8249,47
8250,44
8251,23
8252,43
8253,34
8254,0
8255,43
8256,39
8257,23
8258,42
8259,26
8260,17
8261,20
8262,27
8263,12
8264,19
8265,3
8266,25
8267,14
8268,12
8269,40
8270,18
8271,34
8272,22
8273,8
8274,37
8275,20
8276,38
8277,22
8278,31
8279,38
8280,6
8281,6
8282,26
8283,11
8284,36
8285,25
8286,31
8287,33
8288,22
8289,43
8290,11
8291,10
8292,11
8293,7
8294,44
8295,10
8296,0
8297,31
8298,38
8299,33
8300,22
8301,5
8302,2
8303,0
8304,37
8305,39
8306,40
8307,8
8308,42
8309,31
8310,45
8311,10
8312,6
8313,1
8314,36
8315,36
8316,4
8317,3
8318,17
8319,24
8320,23
8321,18
8322,13
8323,48
8324,8
8325,27
8326,26
8327,36
8328,26
8329,18
8330,48
8331,45
8332,18
8333,38
8334,39
8335,39
8336,2
8337,19
8338,47
8339,19
8340,5
8341,45
8342,3
8343,12
8344,19
8345,27
8346,9
8347,21
8348,25
8349,40
8350,10
8351,44
8352,27
8353,25
8354,11
8355,23
8356,40
8357,1
8358,42
8359,33
8360,26
8361,3
8362,40
8363,2
8364,8
8365,25
8366,47
8367,3
8368,43
8369,27
8370,46
8371,28
8372,27
8373,8
8374,14
8375,11
8376,7
8377,46
8378,6
8379,42
8380,48
8381,21
8382,37
8383,13
8384,42
8385,5
8386,23
8387,35
8388,31
8389,39
8390,2
8391,21
8392,41
8393,39
8394,7
8395,8
8396,12
8397,7
8398,44
8399,22
8400,17
8401,47
8402,30
8403,29
8404,20
8405,11
8406,3
8407,14
8408,0
8409,22
8410,24
8411,47
8412,1
8413,43
8414,3
8415,34
8416,21
8417,24
8418,10
8419,27
8420,17
8421,33
8422,47
8423,5
8424,23
8425,43
8426,19
8427,25
8428,44
8429,13
8430,9
8431,14
8432,28
8433,45
8434,33
8435,15
8436,1
8437,46
8438,34
8439,48
8440,28
8441,6
8442,16
8443,33
8444,5
8445,48
8446,38
8447,37
8448,32
8449,13
8450,9
8451,44
8452,3
8453,18
8454,20
8455,15
8456,32
8457,39
8458,20
8459,28
8460,13
8461,27
8462,40
8463,23
8464,21
8465,12
8466,4
8467,39
8468,36
8469,27
8470,35
8471,2
8472,37
8473,8
8474,1
8475,45
8476,29
8477,35
8478,29
8479,48
8480,41
8481,17
8482,23
8483,23
8484,39
8485,0
8486,28
8487,9
8488,13
8489,15
8490,9
8491,36
8492,41
8493,13
8494,37
8495,12
8496,47
8497,24
8498,35
8499,22
8500,30
8501,5
8502,43
8503,25
8504,10
8505,17
8506,1
8507,41
8508,28
8509,33
8510,8
8511,10
8512,40
8513,27
8514,37
8515,45
8516,3
8517,47
8518,17
8519,31
8520,12
8521,15
8522,33
8523,48
8524,44
8525,30
8526,15
8527,25
8528,39
8529,37
8530,10
8531,23
8532,22
8533,10
8534,39
8535,41
8536,24
8537,12
8538,0
8539,39
8540,45
8541,23
8542,22
8543,48
8544,43
8545,38
8546,25
8547,10
8548,49
8549,39
8550,28
8551,32
8552,11
8553,11
8554,15
8555,28
8556,36
8557,34
8558,7
8559,35
8560,3
8561,43
8562,6
8563,8
8564,37
8565,22
8566,38
8567,11
8568,31
8569,27
8570,32
8571,44
8572,25
8573,23
8574,13
8575,28
8576,40
8577,48
8578,8
8579,14
8580,20
8581,4
8582,38
8583,15
8584,34
8585,44
8586,47
8587,48
8588,4
8589,42
8590,6
8591,13
8592,3
8593,33
8594,26
8595,25
8596,48
8597,33
8598,39
8599,0
8600,42
8601,47
8602,41
8603,22
8604,12
8605,47
8606,8
8607,42
8608,42
8609,22
8610,14
8611,34
8612,25
8613,42
8614,3
8615,7
8616,10
8617,35
8618,41
8619,8
8620,27
8621,36
8622,28
8623,21
8624,38
8625,4
8626,9
8627,27
8628,2
8629,11
8630,41
8631,31
8632,22
8633,15
8634,42
8635,12
8636,22
8637,35
8638,43
8639,29
8640,9
8641,5
8642,3
8643,14
8644,17
8645,13
8646,38
8647,33
8648,15
8649,17
8650,0
8651,4
8652,42
8653,29
8654,32
8655,23
8656,3
8657,12
8658,16
8659,27
8660,9
8661,26
8662,23
8663,33
8664,15
8665,40
8666,46
8667,22
8668,42
8669,16
8670,0
8671,45
8672,39
8673,15
8674,30
8675,48
8676,19
8677,40
8678,8
8679,28
8680,37
8681,26
8682,25
8683,22
8684,0
8685,36
8686,31
8687,44
8688,15
8689,25
8690,32
8691,21
8692,13
8693,40
8694,22
8695,49
8696,11
8697,46
8698,33
8699,10
8700,6
8701,8
8702,36
8703,22
8704,23
8705,41
8706,11
8707,32
8708,15
8709,17
8710,48
8711,34
8712,11
8713,12
8714,32
8715,5
8716,3
8717,35
8718,27
8719,34
8720,25
8721,48
8722,42
8723,1
8724,22
8725,13
8726,49
8727,29
8728,21
8729,1
8730,21
8731,24
8732,7
8733,34
8734,26
8735,15
8736,12
8737,31
8738,1
8739,40
8740,46
8741,42
8742,14
8743,47
8744,45
8745,44
8746,12
8747,21
8748,34
8749,23
8750,12
8751,38
8752,11
8753,34
8754,30
8755,5
8756,14
8757,36
8758,37
8759,2
8760,24
8761,3
8762,19
8763,5
8764,0
8765,32
8766,37
8767,1
8768,44
8769,0
8770,43
8771,33
8772,9
8773,31
8774,3
8775,0
8776,48
8777,47
8778,49
8779,39
8780,28
8781,25
8782,30
8783,28
8784,28
8785,13
8786,0
8787,10
8788,46
8789,14
8790,44
8791,19
8792,30
8793,36
8794,7
8795,13
8796,11
8797,22
8798,11
8799,1
8800,10
8801,36
8802,10
8803,21
8804,22
8805,32
8806,15
8807,43
8808,19
8809,46
8810,19
8811,39
8812,41
8813,16
8814,12
8815,12
8816,35
8817,25
8818,44
8819,28
8820,35
8821,48
8822,3
8823,17
8824,33
8825,14
8826,42
8827,2
8828,8
8829,7
8830,0
8831,11
8832,1
8833,22
8834,24
8835,25
8836,4
8837,39
8838,21
8839,29
8840,8
8841,30
8842,10
8843,8
8844,40
8845,42
8846,28
8847,14
8848,8
8849,37
8850,47
8851,40
8852,41
8853,12
8854,47
8855,29
8856,27
8857,17
8858,42
8859,0
8860,2
8861,37
8862,12
8863,30
8864,46
8865,43
8866,36
8867,19
8868,16
8869,3
8870,40
8871,20
8872,49
8873,1
8874,6
8875,5
8876,24
8877,11
8878,4
8879,4
8880,6
8881,21
8882,10
8883,39
8884,41
8885,27
8886,34
8887,11
8888,41
8889,4
8890,5
8891,8
8892,33
8893,3
8894,38
8895,49
8896,21
8897,15
8898,29
8899,5
8900,14
8901,23
8902,5
8903,20
8904,43
8905,14
8906,42
8907,36
8908,48
8909,9
8910,40
8911,36
8912,33
8913,29
8914,3
8915,47
8916,13
8917,39
8918,45
8919,45
8920,2
8921,26
8922,1
8923,9
8924,28
8925,29
8926,37
8927,40
8928,4
8929,3
8930,28
8931,34
8932,44
8933,31
8934,3
8935,4
8936,31
8937,44
8938,11
8939,24
8940,1
8941,49
8942,21
8943,1
8944,12
8945,29
8946,26
8947,1
8948,27
8949,6
8950,48
8951,14
8952,8
8953,21
8954,24
8955,36
8956,6
8957,39
8958,41
8959,47
8960,3
8961,45
8962,21
8963,40
8964,0
8965,35
8966,39
8967,49
8968,1
8969,49
8970,12
8971,26
8972,13
8973,15
8974,37
8975,40
8976,48
8977,18
8978,14
8979,49
8980,13
8981,40
8982,12
8983,7
8984,42
8985,5
8986,11
8987,31
8988,35
8989,44
8990,46
8991,39
8992,37
8993,11
8994,23
8995,1
8996,33
8997,22
8998,13
8999,43
9000,2
9001,13
9002,33
9003,15
9004,45
9005,29
9006,19
9007,1
9008,41
9009,13
9010,46
9011,9
9012,49
9013,37
9014,16
9015,12
9016,22
9017,44
9018,4
9019,22
9020,4
9021,40
9022,39
9023,13
9024,32
9025,16
9026,2
9027,34
9028,35
9029,6
9030,18
9031,15
9032,45
9033,28
9034,16
9035,32
9036,13
9037,24
9038,3
9039,3
9040,6
9041,21
9042,2
9043,20
9044,7
9045,34
9046,47
9047,5
9048,41
9049,13
9050,32
9051,38
9052,18
9053,24
9054,26
9055,28
9056,26
9057,29
9058,44
9059,17
9060,27
9061,25
9062,39
9063,16
9064,9
9065,21
9066,27
9067,47
9068,11
9069,19
9070,1
9071,20
9072,5
9073,37
9074,10
9075,37
9076,9
9077,30
9078,21
9079,38
9080,42
9081,17
9082,25
9083,25
9084,45
9085,6
9086,16
9087,2
9088,7
9089,44
9090,45
9091,37
9092,14
9093,35
9094,30
9095,14
9096,8
9097,49
9098,38
9099,15
9100,43
9101,33
9102,32
9103,18
9104,17
9105,0
9106,24
9107,39
9108,22
9109,2
9110,36
9111,34
9112,38
9113,15
9114,19
9115,12
9116,28
9117,0
9118,42
9119,6
9120,28
9121,30
9122,39
9123,14
9124,20
9125,1
9126,1
9127,1
9128,2
9129,34
9130,46
9131,47
9132,34
9133,27
9134,0
9135,22
9136,34
9137,42
9138,49
9139,11
9140,39
9141,24
9142,45
9143,32
9144,20
9145,45
9146,2
9147,14
9148,9
9149,0
9150,24
9151,2
9152,24
9153,18
9154,4
9155,17
9156,43
9157,17
9158,36
9159,3
9160,45
9161,36
9162,28
9163,14
9164,49
9165,17
9166,7
9167,32
9168,41
9169,3
9170,37
9171,31
9172,0
9173,33
9174,41
9175,26
9176,28
9177,35
9178,27
9179,38
9180,47
9181,47
9182,25
9183,49
9184,49
9185,13
9186,42
9187,16
9188,32
9189,34
9190,20
9191,23
9192,34
9193,45
9194,23
9195,44
9196,3
9197,28
9198,22
9199,47
9200,18
9201,1
9202,19
9203,0
9204,24
9205,28
9206,10
9207,22
9208,36
9209,48
9210,49
9211,48
9212,21
9213,18
9214,12
9215,16
9216,5
9217,37
9218,28
9219,48
9220,30
9221,1
9222,39
9223,49
9224,3
9225,23
9226,3
9227,28
9228,25
9229,14
9230,8
9231,23
9232,49
9233,15
9234,39
9235,9
9236,15
9237,9
9238,19
9239,14
9240,13
9241,5
9242,15
9243,10
9244,35
9245,0
9246,40
9247,15
9248,22
9249,31
9250,3
9251,34
9252,4
9253,7
9254,48
9255,6
9256,6
9257,36
9258,41
9259,34
9260,35
9261,34
9262,25
9263,16
9264,14
9265,30
9266,0
9267,36
9268,19
9269,40
9270,20
9271,4
9272,11
9273,33
9274,5
9275,12
9276,1
9277,21
9278,39
9279,48
9280,5
9281,29
9282,44
9283,3
9284,5
9285,5
9286,49
9287,18
9288,1
9289,24
9290,27
9291,26
9292,15
9293,23
9294,14
9295,34
9296,4
9297,30
9298,36
9299,6
9300,33
9301,17
9302,40
9303,40
9304,19
9305,30
9306,25
9307,41
9308,32
9309,24
9310,27
9311,31
9312,38
9313,4
9314,47
9315,28
9316,16
9317,27
9318,24
9319,42
9320,25
9321,6
9322,19
9323,37
9324,49
9325,34
9326,37
9327,48
9328,37
9329,12
9330,3
9331,0
9332,33
9333,30
9334,27
9335,4
9336,42
9337,0
9338,15
9339,36
9340,21
9341,43
9342,48
9343,33
9344,13
9345,33
9346,6
9347,35
9348,25
9349,12
9350,39
9351,2
9352,11
9353,12
9354,28
9355,36
9356,31
9357,34
9358,37
9359,36
9360,18
9361,49
9362,18
9363,37
9364,48
9365,36
9366,15
9367,22
9368,27
9369,13
9370,1
9371,41
9372,28
9373,44
9374,24
9375,19
9376,0
9377,43
9378,49
9379,3
9380,35
9381,43
9382,3
9383,6
9384,7
9385,25
9386,27
9387,1
9388,0
9389,23
9390,24
9391,4
9392,4
9393,4
9394,25
9395,48
9396,16
9397,7
9398,9
9399,6
9400,8
9401,8
9402,41
9403,6
9404,19
9405,10
9406,1
9407,37
9408,7
9409,46
9410,35
9411,45
9412,12
9413,22
9414,45
9415,22
9416,27
9417,27
9418,29
9419,10
9420,32
9421,15
9422,39
9423,1
9424,47
9425,44
9426,17
9427,41
9428,42
9429,15
9430,35
9431,1
9432,17
9433,22
9434,7
9435,20
9436,7
9437,40
9438,30
9439,34
9440,34
9441,14
9442,31
9443,46
9444,2
9445,30
9446,39
9447,13
9448,1
9449,15
9450,39
9451,38
9452,21
9453,11
9454,33
9455,22
9456,1
9457,45
9458,36
9459,37
9460,44
9461,7
9462,13
9463,7
9464,23
9465,14
9466,16
9467,7
9468,25
9469,32
9470,9
9471,45
9472,48
9473,22
9474,40
9475,25
9476,30
9477,34
9478,30
9479,26
9480,10
9481,42
9482,18
9483,21
9484,2
9485,49
9486,5
9487,46
9488,42
9489,23
9490,45
9491,1
9492,11
9493,4
9494,35
9495,21
9496,24
9497,16
9498,17
9499,13
9500,22
9501,30
9502,10
9503,1
9504,39
9505,17
9506,32
9507,14
9508,39
9509,49
9510,9
9511,39
9512,39
9513,15
9514,27
9515,6
9516,2
9517,48
9518,31
9519,9
9520,21
9521,39
9522,14
9523,25
9524,28
9525,37
9526,19
9527,29
9528,35
9529,14
9530,0
9531,15
9532,34
9533,33
9534,7
9535,41
9536,18
9537,45
9538,9
9539,44
9540,6
9541,1
9542,44
9543,19
9544,6
9545,47
9546,21
9547,40
9548,47
9549,16
9550,40
9551,14
9552,9
9553,34
9554,6
9555,9
9556,27
9557,46
9558,30
9559,30
9560,42
9561,1
9562,14
9563,2
9564,4
9565,12
9566,27
9567,46
9568,48
9569,14
9570,41
9571,4
9572,34
9573,14
9574,39
9575,11
9576,31
9577,25
9578,31
9579,30
9580,6
9581,30
9582,6
9583,0
9584,39
9585,27
9586,35
9587,17
9588,49
9589,22
9590,13
9591,41
9592,39
9593,17
9594,25
9595,43
9596,9
9597,4
9598,37
9599,6
9600,27
9601,27
9602,31
9603,4
9604,14
9605,28
9606,31
9607,25
9608,2
9609,6
9610,39
9611,23
9612,46
9613,16
9614,30
9615,21
9616,24
9617,14
9618,23
9619,21
9620,11
9621,5
9622,39
9623,14
9624,14
9625,19
9626,39
9627,30
9628,48
9629,17
9630,25
9631,23
9632,6
9633,17
9634,34
9635,41
9636,3
9637,1
9638,23
9639,8
9640,3
9641,25
9642,20
9643,46
9644,0
9645,32
9646,36
9647,40
9648,34
9649,22
9650,30
9651,27
9652,7
9653,40
9654,16
9655,6
9656,44
9657,13
9658,3
9659,12
9660,32
9661,8
9662,36
9663,6
9664,49
9665,2
9666,37
9667,46
9668,33
9669,22
9670,1
9671,46
9672,47
9673,10
9674,16
9675,3
9676,15
9677,32
9678,34
9679,32
9680,8
9681,15
9682,9
9683,5
9684,4
9685,10
9686,45
9687,44
9688,43
9689,47
9690,34
9691,20
9692,34
9693,41
9694,43
9695,22
9696,20
9697,11
9698,36
9699,30
9700,49
9701,41
9702,25
9703,39
9704,20
9705,34
9706,12
9707,8
9708,47
9709,2
9710,6
9711,48
9712,10
9713,44
9714,39
9715,11
9716,21
9717,37
9718,11
9719,47
9720,36
9721,42
9722,42
9723,25
9724,4
9725,22
9726,29
9727,17
9728,3
9729,4
9730,35
9731,15
9732,22
9733,35
9734,36
9735,31
9736,24
9737,15
9738,17
9739,34
9740,15
9741,19
9742,5
9743,23
9744,44
9745,40
9746,26
9747,35
9748,18
9749,0
9750,22
9751,17
9752,15
9753,39
9754,20
9755,36
9756,3
9757,2
9758,48
9759,43
9760,42
9761,22
9762,33
9763,19
9764,0
9765,33
9766,25
9767,15
9768,6
9769,35
9770,0
9771,29
9772,17
9773,10
9774,9
9775,39
9776,27
9777,7
9778,12
9779,37
9780,28
9781,47
9782,15
9783,15
9784,25
9785,13
9786,5
9787,15
9788,29
9789,42
9790,48
9791,47
9792,17
9793,34
9794,28
9795,48
9796,19
9797,14
9798,28
9799,19
9800,23
9801,22
9802,41
9803,3
9804,37
9805,28
9806,15
9807,43
9808,38
9809,30
9810,7
9811,19
9812,12
9813,47
9814,49
9815,26
9816,33
9817,30
9818,15
9819,19
9820,44
9821,18
9822,0
9823,34
9824,33
9825,21
9826,44
9827,42
9828,34
9829,7
9830,19
9831,14
9832,8
9833,43
9834,19
9835,19
9836,0
9837,23
9838,42
9839,34
9840,7
9841,29
9842,26
9843,7
9844,1
9845,38
9846,47
9847,24
9848,12
9849,20
9850,36
9851,33
9852,11
9853,36
9854,39
9855,18
9856,1
9857,36
9858,13
9859,0
9860,19
9861,20
9862,24
9863,20
9864,37
9865,2
9866,43
9867,18
9868,12
9869,38
9870,33
9871,13
9872,41
9873,44
9874,19
9875,41
9876,29
9877,41
9878,12
9879,24
9880,31
9881,43
9882,2
9883,36
9884,40
9885,32
9886,14
9887,12
9888,45
9889,45
9890,34
9891,31
9892,44
9893,19
9894,10
9895,41
9896,7
9897,29
9898,23
9899,10
9900,43
9901,19
9902,33
9903,17
9904,45
9905,4
9906,4
9907,17
9908,2
9909,39
9910,48
9911,36
9912,2
9913,12
9914,31
9915,34
9916,23
9917,3
9918,6
9919,14
9920,7
9921,15
9922,3
9923,13
9924,38
9925,37
9926,22
9927,33
9928,4
9929,14
9930,11
9931,31
9932,38
9933,34
9934,37
9935,34
9936,22
9937,1
9938,45
9939,46
9940,30
9941,2
9942,46
9943,34
9944,16
9945,34
9946,48
9947,4
9948,18
9949,25
9950,15
9951,21
9952,34
9953,45
9954,36
9955,6
9956,25
9957,36
9958,27
9959,47
9960,22
9961,38
9962,29
9963,36
9964,39
9965,44
9966,33
9967,37
9968,36
9969,26
9970,44
9971,14
9972,29
9973,36
9974,28
9975,15
9976,11
9977,16
9978,10
9979,3
9980,7
9981,36
9982,39
9983,4
9984,28
9985,8
9986,47
9987,26
9988,7
9989,46
9990,14
9991,28
9992,39
9993,46
9994,2
9995,31
9996,31
9997,25
9998,33
9999,11
